scraped_at,url,success,reason,non_empty_fields,t_summary_s,sleep_after_summary_s,t_stats_s,sleep_after_stats_s,t_lineups_s,t_scrape_only_s,t_total_s,sleep_before_next_match_s,cumulative_total_s
2026-04-16 13:31:19,https://us.soccerway.com/game/amazonas-zk9LAfeq/america-mg-xUT0Bp8o/?mid=CbIKtsMG,True,none,116,2.88,1.83,1.28,1.02,2.21,6.37,9.41,2.16,11.57
2026-04-16 13:31:31,https://us.soccerway.com/game/amazonas-zk9LAfeq/america-mg-xUT0Bp8o/?mid=Y9zfQPo4,True,none,115,1.81,1.45,1.78,0.61,1.73,5.32,7.56,3.68,22.82
2026-04-16 13:31:42,https://us.soccerway.com/game/amazonas-zk9LAfeq/athletic-club-INXlw5Bp/?mid=n7kwabeR,True,none,116,2.28,1.06,1.42,1.81,1.45,5.15,8.2,2.07,33.08
2026-04-16 13:31:52,https://us.soccerway.com/game/amazonas-zk9LAfeq/athletic-club-INXlw5Bp/?mid=zVAaOCZa,True,none,118,2.57,1.07,1.58,1.38,1.79,5.94,8.55,3.05,44.68
2026-04-16 13:32:04,https://us.soccerway.com/game/amazonas-zk9LAfeq/athletico-pr-UoAxb1Tq/?mid=OOSnkxpg,True,none,116,1.78,1.74,3.31,0.73,1.62,6.71,9.33,3.9,57.91
2026-04-16 13:32:17,https://us.soccerway.com/game/amazonas-zk9LAfeq/athletico-pr-UoAxb1Tq/?mid=zmCnGUaT,True,none,116,2.55,0.91,3.12,1.72,1.5,7.17,9.97,3.03,70.91
2026-04-16 13:32:30,https://us.soccerway.com/game/amazonas-zk9LAfeq/atletico-go-8M0mP8nt/?mid=C0VIGm3m,True,none,116,2.14,1.73,1.67,1.66,1.51,5.32,8.89,3.5,83.3
2026-04-16 13:32:42,https://us.soccerway.com/game/amazonas-zk9LAfeq/atletico-go-8M0mP8nt/?mid=SYQQqBrf,True,none,116,2.19,1.51,1.62,1.14,1.3,5.11,7.93,3.9,95.13
2026-04-16 13:32:54,https://us.soccerway.com/game/amazonas-zk9LAfeq/avai-rPzY7fWt/?mid=CYYT7JKF,True,none,116,2.55,1.32,1.78,0.72,1.89,6.22,8.42,2.36,105.91
2026-04-16 13:33:05,https://us.soccerway.com/game/amazonas-zk9LAfeq/avai-rPzY7fWt/?mid=OQ3QGCE7,True,none,116,2.37,0.78,1.59,1.19,1.65,5.61,7.74,3.27,116.92
2026-04-16 13:33:16,https://us.soccerway.com/game/amazonas-zk9LAfeq/botafogo-sp-2yRUzy5N/?mid=A1rTAVTQ,True,none,116,1.82,0.86,1.28,1.01,1.74,4.84,6.88,3.13,126.93
2026-04-16 13:33:26,https://us.soccerway.com/game/amazonas-zk9LAfeq/botafogo-sp-2yRUzy5N/?mid=CWD6a0yB,True,none,116,1.51,1.18,1.61,0.99,1.7,4.82,7.14,3.53,137.61
2026-04-16 13:33:37,https://us.soccerway.com/game/amazonas-zk9LAfeq/chapecoense-sc-jcQV3XP6/?mid=CffRD05d,True,none,116,2.52,0.66,1.64,1.18,1.34,5.5,7.52,2.88,148.01
2026-04-16 13:33:47,https://us.soccerway.com/game/amazonas-zk9LAfeq/chapecoense-sc-jcQV3XP6/?mid=raS44IrR,True,none,118,2.32,1.79,1.76,1.15,1.37,5.45,8.56,3.46,160.03
2026-04-16 13:33:59,https://us.soccerway.com/game/amazonas-zk9LAfeq/coritiba-KGO4pUqO/?mid=8UoqYbRi,True,none,118,2.24,1.77,1.37,1.88,1.38,4.99,8.8,2.18,171.01
2026-04-16 13:34:10,https://us.soccerway.com/game/amazonas-zk9LAfeq/coritiba-KGO4pUqO/?mid=S0kYvTfK,True,none,116,2.55,1.53,1.68,0.82,1.76,5.99,8.51,2.76,182.28
2026-04-16 13:34:21,https://us.soccerway.com/game/amazonas-zk9LAfeq/crb-QHa3bLrj/?mid=CdZszeGL,True,none,116,1.51,1.33,1.58,1.6,1.56,4.65,7.73,3.19,193.19
2026-04-16 13:34:32,https://us.soccerway.com/game/amazonas-zk9LAfeq/crb-QHa3bLrj/?mid=ppUdkTQ9,True,none,118,2.25,1.76,1.73,0.73,1.86,5.84,8.49,3.74,205.42
2026-04-16 13:34:45,https://us.soccerway.com/game/amazonas-zk9LAfeq/criciuma-48b7cubd/?mid=SlswQpS1,True,none,116,2.57,0.94,1.67,1.64,1.53,5.77,8.51,3.7,217.63
2026-04-16 13:34:57,https://us.soccerway.com/game/amazonas-zk9LAfeq/criciuma-48b7cubd/?mid=SnpHgczn,True,none,118,2.34,1.8,1.48,1.65,1.57,5.39,9.01,3.67,230.31
2026-04-16 13:35:09,https://us.soccerway.com/game/amazonas-zk9LAfeq/cuiaba-zVvjqDOo/?mid=nRuw0gbB,True,none,118,2.41,0.74,1.73,0.69,1.72,5.86,7.46,3.76,241.53
2026-04-16 13:35:21,https://us.soccerway.com/game/amazonas-zk9LAfeq/cuiaba-zVvjqDOo/?mid=vLpRZFdJ,True,none,116,1.59,0.82,1.36,1.01,1.75,4.7,6.71,4.0,252.24
2026-04-16 13:35:31,https://us.soccerway.com/game/amazonas-zk9LAfeq/ferroviaria-pAPVj72I/?mid=8UonWY1s,True,none,116,2.3,1.72,1.31,0.63,1.42,5.03,7.52,3.29,263.05
2026-04-16 13:35:42,https://us.soccerway.com/game/amazonas-zk9LAfeq/ferroviaria-pAPVj72I/?mid=hMLeDIjI,True,none,118,2.17,0.9,1.42,1.58,1.83,5.42,8.05,3.1,274.19
2026-04-16 13:35:53,https://us.soccerway.com/game/amazonas-zk9LAfeq/goias-hfAZyE0t/?mid=2gxGipOs,True,none,115,2.48,1.44,1.42,1.75,1.55,5.45,8.8,3.55,286.55
2026-04-16 13:36:06,https://us.soccerway.com/game/amazonas-zk9LAfeq/goias-hfAZyE0t/?mid=pj7PQI84,True,none,116,2.21,1.56,1.72,1.35,2.08,6.01,9.1,3.59,299.24
2026-04-16 13:36:18,https://us.soccerway.com/game/amazonas-zk9LAfeq/novorizontino-4lOgZPQl/?mid=KG5nMwG6,True,none,116,2.42,1.03,1.76,0.61,1.88,6.06,7.86,3.38,310.48
2026-04-16 13:36:30,https://us.soccerway.com/game/amazonas-zk9LAfeq/novorizontino-4lOgZPQl/?mid=KbCrbVwo,True,none,116,1.45,1.26,1.49,1.67,1.79,4.73,7.83,3.56,321.87
2026-04-16 13:36:41,https://us.soccerway.com/game/amazonas-zk9LAfeq/operario-pr-CW8Nm1GL/?mid=Gn7eNDxg,True,none,118,2.34,1.91,1.84,1.32,1.43,5.61,9.03,2.15,333.05
2026-04-16 13:36:52,https://us.soccerway.com/game/amazonas-zk9LAfeq/operario-pr-CW8Nm1GL/?mid=vTrwfAOi,True,none,116,2.36,0.94,1.66,1.79,1.83,5.85,8.74,3.38,345.17
2026-04-16 13:37:04,https://us.soccerway.com/game/amazonas-zk9LAfeq/paysandu-pa-URQ9q4vA/?mid=0jFs1DCF,True,none,116,2.88,1.34,1.45,0.58,1.86,6.19,8.27,3.98,357.42
2026-04-16 13:37:17,https://us.soccerway.com/game/amazonas-zk9LAfeq/paysandu-pa-URQ9q4vA/?mid=fRL9JaCb,True,none,116,2.48,1.86,1.42,1.76,1.85,5.75,9.52,3.73,370.67
2026-04-16 13:37:30,https://us.soccerway.com/game/amazonas-zk9LAfeq/remo-2i0B6Zul/?mid=ENS8PrnI,True,none,118,2.53,0.65,1.52,1.16,1.83,5.88,7.86,3.24,381.77
2026-04-16 13:37:41,https://us.soccerway.com/game/amazonas-zk9LAfeq/remo-2i0B6Zul/?mid=v9KQAvmA,True,none,117,1.72,1.15,1.57,1.69,1.37,4.66,7.68,3.69,393.14
2026-04-16 13:37:52,https://us.soccerway.com/game/amazonas-zk9LAfeq/vila-nova-fc-Y3E1Lrj3/?mid=E55KxOB7,True,none,118,2.65,0.55,1.85,0.76,1.81,6.31,7.79,2.72,403.65
2026-04-16 13:38:03,https://us.soccerway.com/game/amazonas-zk9LAfeq/vila-nova-fc-Y3E1Lrj3/?mid=UocsHiY9,True,none,118,2.1,0.67,1.46,1.33,1.66,5.22,7.39,3.12,414.16
2026-04-16 13:38:13,https://us.soccerway.com/game/amazonas-zk9LAfeq/volta-redonda-zs0bUylR/?mid=W2c2hgwJ,True,none,118,2.5,1.2,1.32,1.07,1.32,5.14,7.57,2.66,424.39
2026-04-16 13:38:24,https://us.soccerway.com/game/amazonas-zk9LAfeq/volta-redonda-zs0bUylR/?mid=bkaMSXPh,True,none,116,2.36,0.57,1.54,1.9,1.45,5.35,7.99,2.55,434.93
2026-04-16 13:38:34,https://us.soccerway.com/game/america-mg-xUT0Bp8o/athletic-club-INXlw5Bp/?mid=8f9noka3,True,none,118,2.71,0.81,1.26,0.67,1.49,5.46,7.1,3.77,445.8
2026-04-16 13:38:45,https://us.soccerway.com/game/america-mg-xUT0Bp8o/athletic-club-INXlw5Bp/?mid=WlWfmGE5,True,none,118,2.43,1.64,1.99,0.7,1.87,6.29,8.79,2.87,457.46
2026-04-16 13:38:57,https://us.soccerway.com/game/america-mg-xUT0Bp8o/athletico-pr-UoAxb1Tq/?mid=jeCtsfAM,True,none,118,3.08,1.2,1.47,0.79,1.39,5.94,8.1,2.14,467.7
2026-04-16 13:39:07,https://us.soccerway.com/game/america-mg-xUT0Bp8o/athletico-pr-UoAxb1Tq/?mid=pIm44nJ7,True,none,116,3.01,1.53,1.47,0.63,2.06,6.54,8.87,3.69,480.26
2026-04-16 13:39:20,https://us.soccerway.com/game/america-mg-xUT0Bp8o/atletico-go-8M0mP8nt/?mid=OCA3Li75,True,none,116,2.55,0.84,1.25,1.55,1.51,5.31,7.88,2.31,490.44
2026-04-16 13:39:30,https://us.soccerway.com/game/america-mg-xUT0Bp8o/atletico-go-8M0mP8nt/?mid=tYGCwkvB,True,none,116,2.2,1.24,1.6,0.62,1.51,5.31,7.32,2.29,500.06
2026-04-16 13:39:39,https://us.soccerway.com/game/america-mg-xUT0Bp8o/avai-rPzY7fWt/?mid=SYQbBhR7,True,none,116,2.11,1.61,1.76,1.78,1.61,5.48,9.06,3.44,512.56
2026-04-16 13:39:52,https://us.soccerway.com/game/america-mg-xUT0Bp8o/avai-rPzY7fWt/?mid=l2f8dlSa,True,none,116,2.4,1.35,1.83,1.05,1.89,6.12,8.69,2.81,524.06
2026-04-16 13:40:03,https://us.soccerway.com/game/america-mg-xUT0Bp8o/botafogo-sp-2yRUzy5N/?mid=6RruLmxq,True,none,118,2.16,0.83,1.55,0.86,1.84,5.55,7.41,2.99,534.46
2026-04-16 13:40:14,https://us.soccerway.com/game/america-mg-xUT0Bp8o/botafogo-sp-2yRUzy5N/?mid=OtnvnthJ,True,none,118,2.45,0.79,1.37,0.63,1.45,5.27,6.86,2.27,543.59
2026-04-16 13:40:23,https://us.soccerway.com/game/america-mg-xUT0Bp8o/chapecoense-sc-jcQV3XP6/?mid=KzUb59il,True,none,116,2.36,0.87,1.88,0.68,1.59,5.83,7.56,3.52,554.67
2026-04-16 13:40:34,https://us.soccerway.com/game/america-mg-xUT0Bp8o/chapecoense-sc-jcQV3XP6/?mid=pdfPnNi5,True,none,116,2.29,1.39,1.5,0.98,1.57,5.36,7.9,2.83,565.4
2026-04-16 13:40:45,https://us.soccerway.com/game/america-mg-xUT0Bp8o/coritiba-KGO4pUqO/?mid=6F2UQBf5,False,no_stats,18,1.71,1.85,1.62,0.0,0.0,3.33,5.27,3.85,574.53
2026-04-16 13:40:54,https://us.soccerway.com/game/america-mg-xUT0Bp8o/coritiba-KGO4pUqO/?mid=OfmQjt2E,True,none,116,2.32,1.32,1.28,1.33,1.58,5.18,8.01,3.83,586.36
2026-04-16 13:41:06,https://us.soccerway.com/game/america-mg-xUT0Bp8o/crb-QHa3bLrj/?mid=GO8VPLGs,True,none,116,2.48,1.29,1.76,1.54,1.86,6.1,9.11,2.33,597.8
2026-04-16 13:41:17,https://us.soccerway.com/game/america-mg-xUT0Bp8o/crb-QHa3bLrj/?mid=n54ULYVi,True,none,116,2.6,0.71,1.65,1.84,1.63,5.88,8.61,2.22,608.63
2026-04-16 13:41:28,https://us.soccerway.com/game/america-mg-xUT0Bp8o/criciuma-48b7cubd/?mid=2aekFV2M,True,none,116,2.5,0.65,1.97,2.0,1.92,6.39,9.21,2.22,620.06
2026-04-16 13:41:40,https://us.soccerway.com/game/america-mg-xUT0Bp8o/criciuma-48b7cubd/?mid=vN7oiNQ0,True,none,118,2.34,0.61,1.42,1.99,1.37,5.13,7.91,2.28,630.25
2026-04-16 13:41:50,https://us.soccerway.com/game/america-mg-xUT0Bp8o/cuiaba-zVvjqDOo/?mid=nN5HDjdL,True,none,116,1.74,1.52,1.76,1.08,1.3,4.8,7.55,3.87,641.67
2026-04-16 13:42:01,https://us.soccerway.com/game/america-mg-xUT0Bp8o/cuiaba-zVvjqDOo/?mid=t4ctInyf,True,none,116,1.62,1.0,1.52,1.03,1.64,4.78,6.98,2.55,651.21
2026-04-16 13:42:11,https://us.soccerway.com/game/america-mg-xUT0Bp8o/ferroviaria-pAPVj72I/?mid=Ikt9gxJl,True,none,118,2.26,0.8,1.29,0.75,1.48,5.03,6.74,3.09,661.04
2026-04-16 13:42:21,https://us.soccerway.com/game/america-mg-xUT0Bp8o/ferroviaria-pAPVj72I/?mid=dpa8Mj4C,True,none,118,2.41,1.06,1.45,1.73,1.43,5.29,8.25,2.77,672.06
2026-04-16 13:42:32,https://us.soccerway.com/game/america-mg-xUT0Bp8o/goias-hfAZyE0t/?mid=pnXy6ckS,True,none,116,2.26,1.44,1.65,0.72,1.83,5.74,8.15,2.11,682.32
2026-04-16 13:42:42,https://us.soccerway.com/game/america-mg-xUT0Bp8o/goias-hfAZyE0t/?mid=z1VxQGiL,True,none,116,2.21,0.56,1.53,0.58,1.44,5.18,6.48,2.48,691.28
2026-04-16 13:42:51,https://us.soccerway.com/game/america-mg-xUT0Bp8o/novorizontino-4lOgZPQl/?mid=WEXCcJlQ,True,none,118,2.68,0.78,1.67,0.53,1.87,6.22,7.68,2.49,701.45
2026-04-16 13:43:01,https://us.soccerway.com/game/america-mg-xUT0Bp8o/novorizontino-4lOgZPQl/?mid=xUcpfORk,True,none,118,2.52,0.57,1.79,1.18,1.45,5.76,7.68,2.54,711.66
2026-04-16 13:43:11,https://us.soccerway.com/game/america-mg-xUT0Bp8o/operario-pr-CW8Nm1GL/?mid=CMIY8IHM,True,none,118,2.16,0.83,1.83,0.64,1.67,5.66,7.28,3.22,722.16
2026-04-16 13:43:22,https://us.soccerway.com/game/america-mg-xUT0Bp8o/operario-pr-CW8Nm1GL/?mid=OYeRsQ1n,True,none,116,2.1,0.99,1.49,1.73,1.85,5.44,8.39,2.68,733.23
2026-04-16 13:43:33,https://us.soccerway.com/game/america-mg-xUT0Bp8o/paysandu-pa-URQ9q4vA/?mid=GWjUWKAr,True,none,118,2.24,1.86,1.46,1.83,1.76,5.46,9.31,3.84,746.38
2026-04-16 13:43:46,https://us.soccerway.com/game/america-mg-xUT0Bp8o/paysandu-pa-URQ9q4vA/?mid=S8avGZOk,True,none,116,2.3,1.78,1.61,1.55,1.54,5.45,8.97,3.23,758.58
2026-04-16 13:43:58,https://us.soccerway.com/game/america-mg-xUT0Bp8o/remo-2i0B6Zul/?mid=W6XnFvM5,True,none,116,2.28,1.44,1.73,1.36,1.5,5.51,8.49,2.72,769.8
2026-04-16 13:44:09,https://us.soccerway.com/game/america-mg-xUT0Bp8o/remo-2i0B6Zul/?mid=xl2SFDH0,True,none,118,2.54,0.88,1.52,1.08,1.37,5.43,7.55,3.81,781.16
2026-04-16 13:44:21,https://us.soccerway.com/game/america-mg-xUT0Bp8o/vila-nova-fc-Y3E1Lrj3/?mid=8xUsubLh,True,none,116,2.7,1.29,1.45,1.12,1.56,5.71,8.28,3.81,793.25
2026-04-16 13:44:33,https://us.soccerway.com/game/america-mg-xUT0Bp8o/vila-nova-fc-Y3E1Lrj3/?mid=hSYOmlK8,True,none,116,2.62,1.61,1.9,1.74,2.0,6.52,10.03,3.9,807.18
2026-04-16 13:44:47,https://us.soccerway.com/game/america-mg-xUT0Bp8o/volta-redonda-zs0bUylR/?mid=CEI8Qwk2,True,none,116,2.28,1.64,1.62,1.28,1.53,5.43,8.53,3.58,819.29
2026-04-16 13:44:59,https://us.soccerway.com/game/america-mg-xUT0Bp8o/volta-redonda-zs0bUylR/?mid=EsJzad6l,True,none,118,2.5,1.38,1.81,1.81,1.66,5.97,9.32,3.17,831.78
2026-04-16 13:45:11,https://us.soccerway.com/game/athletic-club-INXlw5Bp/athletico-pr-UoAxb1Tq/?mid=88zfjSNG,True,none,116,2.34,1.63,1.46,1.36,1.58,5.38,8.55,2.98,843.31
2026-04-16 13:45:23,https://us.soccerway.com/game/athletic-club-INXlw5Bp/athletico-pr-UoAxb1Tq/?mid=nBukGdVP,True,none,118,2.46,1.13,1.37,1.37,1.97,5.8,8.45,3.09,854.84
2026-04-16 13:45:35,https://us.soccerway.com/game/athletic-club-INXlw5Bp/atletico-go-8M0mP8nt/?mid=AJuOkOhf,True,none,116,2.46,0.71,1.82,1.24,1.58,5.86,7.97,2.86,865.68
2026-04-16 13:45:45,https://us.soccerway.com/game/athletic-club-INXlw5Bp/atletico-go-8M0mP8nt/?mid=tI0YOdwH,True,none,116,1.83,1.13,1.49,0.89,1.77,5.09,7.27,3.15,876.1
2026-04-16 13:45:56,https://us.soccerway.com/game/athletic-club-INXlw5Bp/avai-rPzY7fWt/?mid=8buMap4S,True,none,118,2.62,1.75,1.77,0.8,1.58,5.97,8.68,2.59,887.37
2026-04-16 13:46:07,https://us.soccerway.com/game/athletic-club-INXlw5Bp/avai-rPzY7fWt/?mid=zTmAwbcf,True,none,116,2.4,0.88,1.42,1.1,1.86,5.68,7.82,3.78,898.97
2026-04-16 13:46:19,https://us.soccerway.com/game/athletic-club-INXlw5Bp/botafogo-sp-2yRUzy5N/?mid=MVKDUYwq,True,none,116,2.51,1.72,1.86,0.7,1.88,6.25,8.84,2.8,910.61
2026-04-16 13:46:30,https://us.soccerway.com/game/athletic-club-INXlw5Bp/botafogo-sp-2yRUzy5N/?mid=raAwTxA7,True,none,116,2.68,0.79,1.32,1.18,1.85,5.85,7.99,2.43,921.03
2026-04-16 13:46:41,https://us.soccerway.com/game/athletic-club-INXlw5Bp/chapecoense-sc-jcQV3XP6/?mid=4IYZoxbd,True,none,118,2.2,1.52,1.39,1.91,1.8,5.39,8.97,3.67,933.67
2026-04-16 13:46:53,https://us.soccerway.com/game/athletic-club-INXlw5Bp/chapecoense-sc-jcQV3XP6/?mid=SCkjXXbl,True,none,118,1.99,0.94,1.67,1.27,1.8,5.46,7.83,3.08,944.58
2026-04-16 13:47:04,https://us.soccerway.com/game/athletic-club-INXlw5Bp/coritiba-KGO4pUqO/?mid=2iPHHwsB,True,none,118,2.55,1.63,1.52,1.92,1.34,5.41,9.13,3.53,957.24
2026-04-16 13:47:17,https://us.soccerway.com/game/athletic-club-INXlw5Bp/coritiba-KGO4pUqO/?mid=6XVvshLq,True,none,116,2.37,1.62,1.72,0.87,1.87,5.96,8.62,3.29,969.15
2026-04-16 13:47:29,https://us.soccerway.com/game/athletic-club-INXlw5Bp/crb-QHa3bLrj/?mid=GfkfUCWg,True,none,116,2.3,1.2,1.71,0.7,1.83,5.84,7.9,3.3,980.35
2026-04-16 13:47:40,https://us.soccerway.com/game/athletic-club-INXlw5Bp/crb-QHa3bLrj/?mid=Q9UvH0ig,True,none,116,2.67,1.54,1.9,1.94,1.66,6.23,9.88,3.47,993.7
2026-04-16 13:47:54,https://us.soccerway.com/game/athletic-club-INXlw5Bp/criciuma-48b7cubd/?mid=6NY1O3GG,True,none,116,2.21,1.47,1.77,1.0,1.32,5.3,7.94,2.51,1004.15
2026-04-16 13:48:04,https://us.soccerway.com/game/athletic-club-INXlw5Bp/criciuma-48b7cubd/?mid=AZL3pPMi,True,none,118,2.17,1.09,1.67,1.36,1.74,5.58,8.17,3.17,1015.49
2026-04-16 13:48:15,https://us.soccerway.com/game/athletic-club-INXlw5Bp/cuiaba-zVvjqDOo/?mid=2NX0nJMr,True,none,118,2.26,1.94,1.71,1.67,2.05,6.02,9.79,2.12,1027.4
2026-04-16 13:48:27,https://us.soccerway.com/game/athletic-club-INXlw5Bp/cuiaba-zVvjqDOo/?mid=nXYTXLdS,True,none,116,2.73,0.59,1.54,1.16,1.65,5.92,7.85,3.4,1038.65
2026-04-16 13:48:39,https://us.soccerway.com/game/athletic-club-INXlw5Bp/ferroviaria-pAPVj72I/?mid=G2N73mM0,True,none,115,2.22,1.87,1.63,1.25,2.06,5.91,9.2,2.48,1050.34
2026-04-16 13:48:50,https://us.soccerway.com/game/athletic-club-INXlw5Bp/ferroviaria-pAPVj72I/?mid=riMk3rxn,True,none,118,2.48,0.78,1.89,0.51,1.94,6.31,7.75,2.56,1060.65
2026-04-16 13:49:01,https://us.soccerway.com/game/athletic-club-INXlw5Bp/goias-hfAZyE0t/?mid=OlC5dI2t,True,none,118,2.06,1.9,1.92,1.96,1.77,5.75,9.78,3.53,1073.96
2026-04-16 13:49:14,https://us.soccerway.com/game/athletic-club-INXlw5Bp/goias-hfAZyE0t/?mid=dtH64El4,True,none,118,2.1,0.88,1.81,1.56,1.68,5.59,8.18,2.4,1084.54
2026-04-16 13:49:24,https://us.soccerway.com/game/athletic-club-INXlw5Bp/novorizontino-4lOgZPQl/?mid=2N5odyvf,True,none,116,2.09,1.31,1.3,1.37,1.47,4.86,7.71,2.64,1094.89
2026-04-16 13:49:35,https://us.soccerway.com/game/athletic-club-INXlw5Bp/novorizontino-4lOgZPQl/?mid=SUjwPkPH,True,none,118,2.52,0.61,1.71,1.35,1.78,6.01,8.15,2.17,1105.21
2026-04-16 13:49:45,https://us.soccerway.com/game/athletic-club-INXlw5Bp/operario-pr-CW8Nm1GL/?mid=GMeXkFZA,True,none,112,2.43,0.64,1.6,1.09,1.62,5.65,7.56,2.84,1115.61
2026-04-16 13:49:56,https://us.soccerway.com/game/athletic-club-INXlw5Bp/operario-pr-CW8Nm1GL/?mid=WMmUR6ck,True,none,114,1.39,0.63,1.91,1.6,1.56,4.86,7.27,2.25,1125.13
2026-04-16 13:50:05,https://us.soccerway.com/game/athletic-club-INXlw5Bp/paysandu-pa-URQ9q4vA/?mid=noW4Z6Is,True,none,118,2.49,1.16,1.66,1.03,1.68,5.83,8.19,2.56,1135.89
2026-04-16 13:50:16,https://us.soccerway.com/game/athletic-club-INXlw5Bp/paysandu-pa-URQ9q4vA/?mid=pzs8SfeT,True,none,115,1.98,0.54,1.82,1.81,2.37,6.17,8.68,2.52,1147.08
2026-04-16 13:50:27,https://us.soccerway.com/game/athletic-club-INXlw5Bp/remo-2i0B6Zul/?mid=OlCwOaof,True,none,116,2.45,1.95,1.79,1.09,1.69,5.93,9.12,3.33,1159.53
2026-04-16 13:50:40,https://us.soccerway.com/game/athletic-club-INXlw5Bp/remo-2i0B6Zul/?mid=niPe7ZGb,True,none,116,2.54,1.64,1.4,1.98,1.44,5.38,9.14,3.77,1172.44
2026-04-16 13:50:52,https://us.soccerway.com/game/athletic-club-INXlw5Bp/vila-nova-fc-Y3E1Lrj3/?mid=SQhrvr1B,True,none,116,2.43,1.54,1.83,2.0,1.57,5.83,9.53,3.19,1185.16
2026-04-16 13:51:05,https://us.soccerway.com/game/athletic-club-INXlw5Bp/vila-nova-fc-Y3E1Lrj3/?mid=Uw1rb134,False,no_lineups,112,2.68,0.67,1.48,0.8,2.3,6.46,8.1,3.04,1196.31
2026-04-16 13:51:16,https://us.soccerway.com/game/athletic-club-INXlw5Bp/volta-redonda-zs0bUylR/?mid=KQYQERXa,True,none,116,2.71,1.69,1.66,1.89,1.7,6.07,9.83,3.01,1209.15
2026-04-16 13:51:29,https://us.soccerway.com/game/athletic-club-INXlw5Bp/volta-redonda-zs0bUylR/?mid=tIKmxKto,True,none,118,2.57,0.69,1.65,1.62,1.64,5.86,8.34,2.94,1220.43
2026-04-16 13:51:40,https://us.soccerway.com/game/athletico-pr-UoAxb1Tq/atletico-go-8M0mP8nt/?mid=hAeelss9,True,none,118,2.97,1.77,1.81,0.52,1.62,6.4,8.86,2.01,1231.3
2026-04-16 13:51:51,https://us.soccerway.com/game/athletico-pr-UoAxb1Tq/atletico-go-8M0mP8nt/?mid=l0XIBZkf,True,none,118,2.18,1.18,1.89,1.15,1.55,5.62,8.1,2.68,1242.07
2026-04-16 13:52:02,https://us.soccerway.com/game/athletico-pr-UoAxb1Tq/avai-rPzY7fWt/?mid=8tCneABj,True,none,116,2.32,0.5,1.41,0.61,1.33,5.06,6.33,3.92,1252.33
2026-04-16 13:52:12,https://us.soccerway.com/game/athletico-pr-UoAxb1Tq/avai-rPzY7fWt/?mid=th7Cvpse,True,none,116,2.18,1.26,1.51,0.8,1.53,5.22,7.45,3.05,1262.83
2026-04-16 13:52:23,https://us.soccerway.com/game/athletico-pr-UoAxb1Tq/botafogo-sp-2yRUzy5N/?mid=27P51zAd,True,none,116,2.55,0.98,1.7,1.19,1.39,5.64,7.99,2.64,1273.46
2026-04-16 13:52:34,https://us.soccerway.com/game/athletico-pr-UoAxb1Tq/botafogo-sp-2yRUzy5N/?mid=xIXqVnIt,True,none,118,2.38,1.38,1.43,0.67,1.67,5.48,7.71,3.52,1284.69
2026-04-16 13:52:45,https://us.soccerway.com/game/athletico-pr-UoAxb1Tq/chapecoense-sc-jcQV3XP6/?mid=Gjc7vCCi,True,none,116,2.09,0.83,1.9,1.12,1.89,5.88,8.0,3.16,1295.85
2026-04-16 13:52:56,https://us.soccerway.com/game/athletico-pr-UoAxb1Tq/chapecoense-sc-jcQV3XP6/?mid=OzgmEDg2,True,none,116,2.5,0.79,1.78,0.75,1.86,6.14,7.83,3.81,1307.49
2026-04-16 13:53:08,https://us.soccerway.com/game/athletico-pr-UoAxb1Tq/coritiba-KGO4pUqO/?mid=A5IGVjm3,True,none,116,2.15,1.46,1.64,1.44,1.67,5.46,8.52,3.0,1319.02
2026-04-16 13:53:19,https://us.soccerway.com/game/athletico-pr-UoAxb1Tq/coritiba-KGO4pUqO/?mid=ldcVjEWH,True,none,116,2.16,1.69,1.28,1.44,1.33,4.77,8.07,3.17,1330.25
2026-04-16 13:53:30,https://us.soccerway.com/game/athletico-pr-UoAxb1Tq/crb-QHa3bLrj/?mid=K4unc26c,True,none,116,1.89,0.81,1.34,0.69,1.34,4.57,6.25,3.77,1340.28
2026-04-16 13:53:40,https://us.soccerway.com/game/athletico-pr-UoAxb1Tq/crb-QHa3bLrj/?mid=dUbKxfyR,True,none,116,2.35,1.95,1.44,0.79,2.06,5.85,8.75,3.55,1352.57
2026-04-16 13:53:53,https://us.soccerway.com/game/athletico-pr-UoAxb1Tq/criciuma-48b7cubd/?mid=UsyWIMMt,True,none,118,2.36,1.82,1.54,0.58,1.41,5.31,7.9,2.01,1362.48
2026-04-16 13:54:03,https://us.soccerway.com/game/athletico-pr-UoAxb1Tq/criciuma-48b7cubd/?mid=xQJuPHfE,True,none,118,2.13,1.97,2.14,1.64,1.5,5.77,9.54,2.3,1374.33
2026-04-16 13:54:15,https://us.soccerway.com/game/athletico-pr-UoAxb1Tq/cuiaba-zVvjqDOo/?mid=jD3xsjGa,True,none,118,2.5,1.29,1.78,1.6,1.66,5.94,8.99,2.9,1386.22
2026-04-16 13:54:26,https://us.soccerway.com/game/athletico-pr-UoAxb1Tq/cuiaba-zVvjqDOo/?mid=ttsCF8Xo,True,none,116,1.92,1.55,1.66,0.92,1.99,5.57,8.23,3.31,1397.76
2026-04-16 13:54:38,https://us.soccerway.com/game/athletico-pr-UoAxb1Tq/ferroviaria-pAPVj72I/?mid=4O32PUrK,True,none,116,2.3,1.36,1.71,1.48,1.48,5.49,8.5,2.78,1409.04
2026-04-16 13:54:49,https://us.soccerway.com/game/athletico-pr-UoAxb1Tq/ferroviaria-pAPVj72I/?mid=I5dm8UJr,True,none,118,1.66,1.6,1.86,1.64,1.69,5.21,8.62,2.03,1419.69
2026-04-16 13:55:00,https://us.soccerway.com/game/athletico-pr-UoAxb1Tq/goias-hfAZyE0t/?mid=IolM3yan,True,none,116,2.3,1.29,1.67,1.09,1.9,5.87,8.43,3.86,1431.99
2026-04-16 13:55:12,https://us.soccerway.com/game/athletico-pr-UoAxb1Tq/goias-hfAZyE0t/?mid=UkRrNxDD,True,none,116,2.18,1.03,1.83,0.93,1.65,5.66,7.78,2.51,1442.28
2026-04-16 13:55:23,https://us.soccerway.com/game/athletico-pr-UoAxb1Tq/novorizontino-4lOgZPQl/?mid=GhSZC52C,True,none,116,2.51,1.54,1.59,0.84,1.3,5.4,7.93,3.68,1453.89
2026-04-16 13:55:34,https://us.soccerway.com/game/athletico-pr-UoAxb1Tq/novorizontino-4lOgZPQl/?mid=zynnigjK,True,none,116,2.14,1.88,1.67,1.17,1.4,5.21,8.44,3.67,1465.99
2026-04-16 13:55:46,https://us.soccerway.com/game/athletico-pr-UoAxb1Tq/operario-pr-CW8Nm1GL/?mid=0dCK6m8c,True,none,118,2.39,1.12,1.35,1.44,2.27,6.01,8.76,3.61,1478.36
2026-04-16 13:55:59,https://us.soccerway.com/game/athletico-pr-UoAxb1Tq/operario-pr-CW8Nm1GL/?mid=IisDy4c3,True,none,118,2.05,1.64,1.66,1.3,1.81,5.52,8.64,2.52,1489.52
2026-04-16 13:56:10,https://us.soccerway.com/game/athletico-pr-UoAxb1Tq/paysandu-pa-URQ9q4vA/?mid=dYY7cFf3,True,none,116,2.8,0.9,1.38,1.69,1.94,6.12,8.89,3.22,1501.63
2026-04-16 13:56:22,https://us.soccerway.com/game/athletico-pr-UoAxb1Tq/paysandu-pa-URQ9q4vA/?mid=nHS56lNk,True,none,116,2.6,1.83,1.68,0.87,1.94,6.22,9.08,3.68,1514.39
2026-04-16 13:56:35,https://us.soccerway.com/game/athletico-pr-UoAxb1Tq/remo-2i0B6Zul/?mid=0CQZtKjt,True,none,118,2.6,1.16,1.69,1.13,1.34,5.63,8.09,3.08,1525.56
2026-04-16 13:56:46,https://us.soccerway.com/game/athletico-pr-UoAxb1Tq/remo-2i0B6Zul/?mid=vP8kZl5F,True,none,118,2.79,1.56,2.14,0.56,2.04,6.97,9.24,2.96,1537.76
2026-04-16 13:56:58,https://us.soccerway.com/game/athletico-pr-UoAxb1Tq/vila-nova-fc-Y3E1Lrj3/?mid=8nsFY2dE,True,none,118,2.48,1.59,1.41,1.21,1.58,5.47,8.45,3.01,1549.22
2026-04-16 13:57:10,https://us.soccerway.com/game/athletico-pr-UoAxb1Tq/vila-nova-fc-Y3E1Lrj3/?mid=WKjYlKWQ,True,none,118,2.37,1.09,1.42,0.69,1.47,5.26,7.23,2.09,1558.54
2026-04-16 13:57:19,https://us.soccerway.com/game/athletico-pr-UoAxb1Tq/volta-redonda-zs0bUylR/?mid=lGLF1RjD,True,none,118,2.54,1.66,1.81,0.9,2.11,6.46,9.2,2.22,1569.97
2026-04-16 13:57:30,https://us.soccerway.com/game/athletico-pr-UoAxb1Tq/volta-redonda-zs0bUylR/?mid=rFShlFBC,True,none,116,2.61,0.8,1.62,1.2,1.8,6.03,8.21,2.87,1581.04
2026-04-16 13:57:41,https://us.soccerway.com/game/atletico-go-8M0mP8nt/avai-rPzY7fWt/?mid=MBr2To4j,False,no_stats,18,2.14,1.47,1.39,0.0,0.0,3.53,5.1,2.27,1588.42
2026-04-16 13:57:49,https://us.soccerway.com/game/atletico-go-8M0mP8nt/avai-rPzY7fWt/?mid=WxE8Le1S,True,none,118,2.57,0.54,1.64,1.04,1.57,5.78,7.53,2.59,1598.54
2026-04-16 13:57:59,https://us.soccerway.com/game/atletico-go-8M0mP8nt/botafogo-sp-2yRUzy5N/?mid=Wn9521x0,True,none,116,1.92,0.71,1.72,1.03,1.98,5.62,7.53,2.74,1608.81
2026-04-16 13:58:09,https://us.soccerway.com/game/atletico-go-8M0mP8nt/botafogo-sp-2yRUzy5N/?mid=r7tBQUVI,True,none,116,2.41,1.59,1.38,1.7,1.99,5.78,9.25,2.55,1620.61
2026-04-16 13:58:21,https://us.soccerway.com/game/atletico-go-8M0mP8nt/chapecoense-sc-jcQV3XP6/?mid=vu9wJoY0,True,none,116,2.29,1.46,1.5,0.54,1.68,5.47,7.64,3.53,1631.78
2026-04-16 13:58:32,https://us.soccerway.com/game/atletico-go-8M0mP8nt/chapecoense-sc-jcQV3XP6/?mid=xAw0UGQG,True,none,116,2.18,1.34,1.52,1.97,1.61,5.31,8.8,3.83,1644.41
2026-04-16 13:58:45,https://us.soccerway.com/game/atletico-go-8M0mP8nt/coritiba-KGO4pUqO/?mid=UiIjwxj5,True,none,116,2.26,1.97,1.85,1.41,1.5,5.61,9.16,3.8,1657.37
2026-04-16 13:58:58,https://us.soccerway.com/game/atletico-go-8M0mP8nt/coritiba-KGO4pUqO/?mid=ryYQvYJt,True,none,116,2.29,0.91,1.33,1.06,1.73,5.35,7.51,3.68,1668.57
2026-04-16 13:59:09,https://us.soccerway.com/game/atletico-go-8M0mP8nt/crb-QHa3bLrj/?mid=OAmEzwVa,True,none,116,2.49,1.42,1.81,1.09,1.62,5.92,8.58,2.11,1679.26
2026-04-16 13:59:20,https://us.soccerway.com/game/atletico-go-8M0mP8nt/crb-QHa3bLrj/?mid=tlH0No7d,True,none,116,2.21,1.84,1.34,0.53,1.33,4.88,7.43,3.62,1690.31
2026-04-16 13:59:31,https://us.soccerway.com/game/atletico-go-8M0mP8nt/criciuma-48b7cubd/?mid=h0AHhW7r,True,none,118,2.14,0.9,1.9,0.78,1.69,5.73,7.58,2.64,1700.53
2026-04-16 13:59:41,https://us.soccerway.com/game/atletico-go-8M0mP8nt/criciuma-48b7cubd/?mid=hMcXp1MH,True,none,118,2.29,0.78,1.9,0.53,2.31,6.5,7.97,2.75,1711.25
2026-04-16 13:59:52,https://us.soccerway.com/game/atletico-go-8M0mP8nt/cuiaba-zVvjqDOo/?mid=CKgegK5M,True,none,116,2.44,1.34,1.35,1.96,1.66,5.45,8.92,3.73,1723.9
2026-04-16 14:00:04,https://us.soccerway.com/game/atletico-go-8M0mP8nt/cuiaba-zVvjqDOo/?mid=foC9KfFr,True,none,116,2.16,0.59,1.7,0.6,1.42,5.28,6.65,2.28,1732.83
2026-04-16 14:00:13,https://us.soccerway.com/game/atletico-go-8M0mP8nt/ferroviaria-pAPVj72I/?mid=K6AKBQWA,True,none,116,2.49,1.97,1.85,0.74,1.58,5.92,8.79,3.43,1745.04
2026-04-16 14:00:26,https://us.soccerway.com/game/atletico-go-8M0mP8nt/ferroviaria-pAPVj72I/?mid=YD6TvLjT,True,none,118,2.34,0.56,1.87,0.87,2.03,6.24,7.82,3.9,1756.76
2026-04-16 14:00:37,https://us.soccerway.com/game/atletico-go-8M0mP8nt/goias-hfAZyE0t/?mid=8MFS4RxA,True,none,116,2.53,1.32,1.65,0.92,1.91,6.09,8.51,2.43,1767.7
2026-04-16 14:00:48,https://us.soccerway.com/game/atletico-go-8M0mP8nt/goias-hfAZyE0t/?mid=KdFnLrDM,True,none,116,2.42,0.72,1.26,0.53,1.28,4.96,6.38,2.25,1776.34
2026-04-16 14:00:57,https://us.soccerway.com/game/atletico-go-8M0mP8nt/novorizontino-4lOgZPQl/?mid=6cP0R4H5,True,none,116,2.33,1.53,1.81,0.67,2.86,7.0,9.4,2.05,1787.79
2026-04-16 14:01:08,https://us.soccerway.com/game/atletico-go-8M0mP8nt/novorizontino-4lOgZPQl/?mid=fsMc3dup,False,no_stats,18,1.84,1.3,1.61,0.0,0.0,3.45,4.84,2.04,1794.67
2026-04-16 14:01:15,https://us.soccerway.com/game/atletico-go-8M0mP8nt/operario-pr-CW8Nm1GL/?mid=hQBZ2Zs3,True,none,116,2.84,1.08,1.39,0.7,1.85,6.08,8.04,3.37,1806.08
2026-04-16 14:01:27,https://us.soccerway.com/game/atletico-go-8M0mP8nt/operario-pr-CW8Nm1GL/?mid=zP58LLsn,True,none,118,1.93,1.67,1.81,1.58,1.67,5.41,8.83,3.42,1818.33
2026-04-16 14:01:39,https://us.soccerway.com/game/atletico-go-8M0mP8nt/paysandu-pa-URQ9q4vA/?mid=jc7Asorp,True,none,116,1.91,1.9,1.49,0.79,1.74,5.14,7.99,2.12,1828.44
2026-04-16 14:01:49,https://us.soccerway.com/game/atletico-go-8M0mP8nt/paysandu-pa-URQ9q4vA/?mid=pb9Vpt5K,True,none,118,1.67,1.89,1.8,0.93,2.31,5.78,8.76,2.14,1839.34
2026-04-16 14:02:00,https://us.soccerway.com/game/atletico-go-8M0mP8nt/remo-2i0B6Zul/?mid=lxX4qbfl,True,none,116,2.13,1.39,1.61,1.62,1.57,5.31,8.5,3.69,1851.53
2026-04-16 14:02:12,https://us.soccerway.com/game/atletico-go-8M0mP8nt/remo-2i0B6Zul/?mid=tb03CCuC,True,none,118,2.33,1.03,1.43,1.12,1.79,5.55,7.9,3.48,1862.92
2026-04-16 14:02:24,https://us.soccerway.com/game/atletico-go-8M0mP8nt/vila-nova-fc-Y3E1Lrj3/?mid=EwRm9enn,True,none,116,2.35,0.55,1.72,0.83,1.65,5.72,7.25,2.14,1872.3
2026-04-16 14:02:33,https://us.soccerway.com/game/atletico-go-8M0mP8nt/vila-nova-fc-Y3E1Lrj3/?mid=rXVNTUHF,True,none,116,2.26,1.93,1.64,1.97,1.59,5.49,9.57,3.06,1884.93
2026-04-16 14:02:46,https://us.soccerway.com/game/atletico-go-8M0mP8nt/volta-redonda-zs0bUylR/?mid=GrX72hJG,True,none,118,1.85,1.19,1.8,0.68,2.03,5.68,7.69,2.55,1895.17
2026-04-16 14:02:56,https://us.soccerway.com/game/atletico-go-8M0mP8nt/volta-redonda-zs0bUylR/?mid=St9Mhz25,True,none,112,1.74,1.03,1.74,1.6,1.72,5.2,8.0,2.53,1905.7
2026-04-16 14:03:06,https://us.soccerway.com/game/avai-rPzY7fWt/botafogo-sp-2yRUzy5N/?mid=08xLVOH6,False,no_stats,18,2.47,0.64,1.79,0.0,0.0,4.26,4.98,2.84,1913.52
2026-04-16 14:03:14,https://us.soccerway.com/game/avai-rPzY7fWt/botafogo-sp-2yRUzy5N/?mid=U7IvNYIj,True,none,116,2.15,1.22,1.81,1.52,1.91,5.87,8.79,3.52,1925.83
2026-04-16 14:03:27,https://us.soccerway.com/game/avai-rPzY7fWt/chapecoense-sc-jcQV3XP6/?mid=YVeiW6Wp,True,none,116,2.48,0.87,1.52,1.14,1.63,5.63,7.83,2.32,1935.99
2026-04-16 14:03:37,https://us.soccerway.com/game/avai-rPzY7fWt/chapecoense-sc-jcQV3XP6/?mid=tYGp5WMO,True,none,116,2.08,1.04,1.3,1.65,1.7,5.08,7.94,3.89,1947.82
2026-04-16 14:03:49,https://us.soccerway.com/game/avai-rPzY7fWt/coritiba-KGO4pUqO/?mid=fwnAryM7,True,none,116,2.58,1.96,1.37,1.68,1.95,5.9,9.71,3.34,1960.88
2026-04-16 14:04:02,https://us.soccerway.com/game/avai-rPzY7fWt/coritiba-KGO4pUqO/?mid=jHNVOQDc,False,no_lineups,112,2.24,1.85,1.58,1.85,2.18,6.0,9.85,2.22,1972.95
2026-04-16 14:04:14,https://us.soccerway.com/game/avai-rPzY7fWt/crb-QHa3bLrj/?mid=UX7iQY4m,True,none,114,3.57,1.65,1.74,1.57,1.79,7.1,10.49,3.4,1986.84
2026-04-16 14:04:28,https://us.soccerway.com/game/avai-rPzY7fWt/crb-QHa3bLrj/?mid=bo9rwHY7,True,none,116,2.15,1.49,1.99,0.54,2.34,6.48,8.67,2.5,1998.01
2026-04-16 14:04:39,https://us.soccerway.com/game/avai-rPzY7fWt/criciuma-48b7cubd/?mid=WjXbVsgK,True,none,116,1.5,1.64,1.98,0.87,1.84,5.32,8.0,2.27,2008.28
2026-04-16 14:04:49,https://us.soccerway.com/game/avai-rPzY7fWt/criciuma-48b7cubd/?mid=rJI45DoB,True,none,118,2.24,0.76,1.61,1.48,2.06,5.91,8.31,2.71,2019.3
2026-04-16 14:05:00,https://us.soccerway.com/game/avai-rPzY7fWt/cuiaba-zVvjqDOo/?mid=4z4KHZnl,True,none,116,2.39,1.84,1.86,1.72,1.7,5.95,9.68,3.48,2032.45
2026-04-16 14:05:13,https://us.soccerway.com/game/avai-rPzY7fWt/cuiaba-zVvjqDOo/?mid=EV0MbJyP,True,none,116,2.57,1.3,1.96,1.35,1.45,5.98,8.8,2.25,2043.51
2026-04-16 14:05:24,https://us.soccerway.com/game/avai-rPzY7fWt/ferroviaria-pAPVj72I/?mid=bkaffF86,True,none,118,2.46,1.25,1.81,0.76,1.84,6.11,8.29,2.58,2054.37
2026-04-16 14:05:35,https://us.soccerway.com/game/avai-rPzY7fWt/ferroviaria-pAPVj72I/?mid=xQgCAjAO,True,none,118,1.82,0.58,1.63,0.87,2.03,5.48,7.1,3.71,2065.18
2026-04-16 14:05:46,https://us.soccerway.com/game/avai-rPzY7fWt/goias-hfAZyE0t/?mid=GzZVlcQj,True,none,116,2.53,0.8,1.58,1.22,1.83,5.94,8.11,3.65,2076.94
2026-04-16 14:05:58,https://us.soccerway.com/game/avai-rPzY7fWt/goias-hfAZyE0t/?mid=pryhTQng,True,none,116,2.3,0.85,1.47,0.89,1.57,5.34,7.26,3.72,2087.92
2026-04-16 14:06:09,https://us.soccerway.com/game/avai-rPzY7fWt/novorizontino-4lOgZPQl/?mid=8WGE4Si2,True,none,116,2.24,1.02,1.28,1.25,2.15,5.67,8.09,2.4,2098.42
2026-04-16 14:06:19,https://us.soccerway.com/game/avai-rPzY7fWt/novorizontino-4lOgZPQl/?mid=jTmWm2N6,True,none,118,2.3,1.66,1.54,0.65,1.47,5.31,7.79,3.9,2110.11
2026-04-16 14:06:31,https://us.soccerway.com/game/avai-rPzY7fWt/operario-pr-CW8Nm1GL/?mid=IuZHMLUp,True,none,118,2.36,0.9,1.39,0.93,1.78,5.53,7.51,2.41,2120.03
2026-04-16 14:06:41,https://us.soccerway.com/game/avai-rPzY7fWt/operario-pr-CW8Nm1GL/?mid=vBsoSoHi,True,none,116,2.25,1.8,1.62,1.38,1.64,5.51,8.84,3.86,2132.72
2026-04-16 14:06:54,https://us.soccerway.com/game/avai-rPzY7fWt/paysandu-pa-URQ9q4vA/?mid=CpaUWfUO,True,none,116,2.72,1.86,1.46,0.59,1.57,5.75,8.37,3.16,2144.25
2026-04-16 14:07:05,https://us.soccerway.com/game/avai-rPzY7fWt/paysandu-pa-URQ9q4vA/?mid=fiqDWkpA,True,none,118,1.59,1.23,1.63,1.78,1.74,4.96,8.15,3.13,2155.53
2026-04-16 14:07:17,https://us.soccerway.com/game/avai-rPzY7fWt/remo-2i0B6Zul/?mid=dI8jaisS,True,none,116,2.15,1.19,1.83,0.66,1.64,5.62,7.65,2.7,2165.88
2026-04-16 14:07:27,https://us.soccerway.com/game/avai-rPzY7fWt/remo-2i0B6Zul/?mid=lU0lGQ56,True,none,118,2.34,0.74,1.66,1.92,1.65,5.65,8.47,3.34,2177.69
2026-04-16 14:07:39,https://us.soccerway.com/game/avai-rPzY7fWt/vila-nova-fc-Y3E1Lrj3/?mid=Mu2Yll77,True,none,116,2.26,1.66,1.6,1.2,1.69,5.55,8.57,3.89,2190.14
2026-04-16 14:07:51,https://us.soccerway.com/game/avai-rPzY7fWt/vila-nova-fc-Y3E1Lrj3/?mid=juW0ngtP,True,none,118,2.19,1.5,1.75,1.25,1.72,5.66,8.57,3.47,2202.18
2026-04-16 14:08:03,https://us.soccerway.com/game/avai-rPzY7fWt/volta-redonda-zs0bUylR/?mid=8KzCrXRp,False,no_stats,18,1.67,0.75,1.42,0.0,0.0,3.09,3.92,3.89,2209.99
2026-04-16 14:08:11,https://us.soccerway.com/game/avai-rPzY7fWt/volta-redonda-zs0bUylR/?mid=zi2bXSZR,True,none,116,2.31,1.89,1.62,0.99,1.74,5.67,8.72,2.12,2220.83
2026-04-16 14:08:22,https://us.soccerway.com/game/botafogo-sp-2yRUzy5N/chapecoense-sc-jcQV3XP6/?mid=U9uU7med,True,none,116,2.54,1.67,1.81,0.98,1.88,6.23,9.05,2.16,2232.04
2026-04-16 14:08:33,https://us.soccerway.com/game/botafogo-sp-2yRUzy5N/chapecoense-sc-jcQV3XP6/?mid=Wd4wgqdl,True,none,118,1.88,1.31,1.69,1.27,2.26,5.83,8.59,3.19,2243.83
2026-04-16 14:08:45,https://us.soccerway.com/game/botafogo-sp-2yRUzy5N/coritiba-KGO4pUqO/?mid=d2hvJHcK,True,none,114,3.09,2.0,1.37,1.11,1.53,5.99,9.25,2.27,2255.35
2026-04-16 14:08:57,https://us.soccerway.com/game/botafogo-sp-2yRUzy5N/coritiba-KGO4pUqO/?mid=p2XPkfID,True,none,116,2.19,1.88,2.04,1.43,1.71,5.94,9.41,2.97,2267.73
2026-04-16 14:09:09,https://us.soccerway.com/game/botafogo-sp-2yRUzy5N/crb-QHa3bLrj/?mid=jRQq1NLj,True,none,118,2.22,1.15,1.3,1.09,1.94,5.46,7.85,3.9,2279.48
2026-04-16 14:09:21,https://us.soccerway.com/game/botafogo-sp-2yRUzy5N/crb-QHa3bLrj/?mid=zexnhlg4,True,none,118,2.22,1.8,1.75,1.93,1.67,5.64,9.53,3.46,2292.48
2026-04-16 14:09:34,https://us.soccerway.com/game/botafogo-sp-2yRUzy5N/criciuma-48b7cubd/?mid=fk4dAeZp,True,none,116,2.16,1.77,1.66,1.8,1.89,5.71,9.44,3.72,2305.64
2026-04-16 14:09:47,https://us.soccerway.com/game/botafogo-sp-2yRUzy5N/criciuma-48b7cubd/?mid=hlfMgV4k,True,none,118,2.21,0.67,1.55,1.27,1.61,5.37,7.47,3.33,2316.43
2026-04-16 14:09:58,https://us.soccerway.com/game/botafogo-sp-2yRUzy5N/cuiaba-zVvjqDOo/?mid=GpdoIjVG,True,none,118,2.6,1.43,1.94,1.63,2.08,6.62,9.87,3.77,2330.07
2026-04-16 14:10:11,https://us.soccerway.com/game/botafogo-sp-2yRUzy5N/cuiaba-zVvjqDOo/?mid=xYmdBM1l,True,none,116,2.52,1.44,1.4,0.83,1.4,5.32,7.76,3.87,2341.71
2026-04-16 14:10:23,https://us.soccerway.com/game/botafogo-sp-2yRUzy5N/ferroviaria-pAPVj72I/?mid=6HF0SaKk,True,none,116,2.68,0.63,1.77,1.64,1.74,6.19,8.63,2.07,2352.4
2026-04-16 14:10:34,https://us.soccerway.com/game/botafogo-sp-2yRUzy5N/ferroviaria-pAPVj72I/?mid=tfAieE5D,True,none,118,2.22,1.53,1.48,0.88,1.87,5.57,8.14,3.48,2364.03
2026-04-16 14:10:45,https://us.soccerway.com/game/botafogo-sp-2yRUzy5N/goias-hfAZyE0t/?mid=6JxIoXDs,True,none,118,2.95,1.64,1.64,1.32,1.99,6.58,9.71,3.7,2377.44
2026-04-16 14:10:59,https://us.soccerway.com/game/botafogo-sp-2yRUzy5N/goias-hfAZyE0t/?mid=l6QsBqXO,True,none,116,4.72,1.39,1.5,1.88,1.59,7.81,11.25,2.59,2391.28
2026-04-16 14:11:13,https://us.soccerway.com/game/botafogo-sp-2yRUzy5N/novorizontino-4lOgZPQl/?mid=U9ceqTTF,True,none,116,2.75,1.38,1.68,1.51,1.96,6.39,9.44,3.77,2404.49
2026-04-16 14:11:26,https://us.soccerway.com/game/botafogo-sp-2yRUzy5N/novorizontino-4lOgZPQl/?mid=vLIBqYDU,True,none,116,2.01,0.75,1.5,1.37,1.56,5.07,7.36,3.88,2415.73
2026-04-16 14:11:37,https://us.soccerway.com/game/botafogo-sp-2yRUzy5N/operario-pr-CW8Nm1GL/?mid=pOG73JoK,True,none,118,1.78,0.88,1.87,1.68,1.5,5.15,7.88,3.94,2427.55
2026-04-16 14:11:49,https://us.soccerway.com/game/botafogo-sp-2yRUzy5N/operario-pr-CW8Nm1GL/?mid=zefoNTgU,True,none,116,2.82,1.72,3.15,1.92,1.94,7.91,11.71,2.93,2442.19
2026-04-16 14:12:04,https://us.soccerway.com/game/botafogo-sp-2yRUzy5N/paysandu-pa-URQ9q4vA/?mid=G8GbyGKH,False,no_stats,18,9.44,1.61,1.77,0.0,0.0,11.21,12.91,2.07,2457.17
2026-04-16 14:12:19,https://us.soccerway.com/game/botafogo-sp-2yRUzy5N/paysandu-pa-URQ9q4vA/?mid=pQD3t6Cr,True,none,116,2.23,1.7,1.85,1.78,2.04,6.12,9.77,2.08,2469.01
2026-04-16 14:12:30,https://us.soccerway.com/game/botafogo-sp-2yRUzy5N/remo-2i0B6Zul/?mid=4dcaZbEj,True,none,116,2.1,0.83,1.54,0.98,1.84,5.48,7.44,3.06,2479.52
2026-04-16 14:12:41,https://us.soccerway.com/game/botafogo-sp-2yRUzy5N/remo-2i0B6Zul/?mid=SWDS941N,True,none,116,2.16,1.96,1.89,0.71,1.47,5.52,8.37,3.26,2491.15
2026-04-16 14:12:53,https://us.soccerway.com/game/botafogo-sp-2yRUzy5N/vila-nova-fc-Y3E1Lrj3/?mid=dhs7TkbD,True,none,116,2.43,0.88,4.79,0.8,3.04,10.26,12.11,3.41,2506.67
2026-04-16 14:13:08,https://us.soccerway.com/game/botafogo-sp-2yRUzy5N/vila-nova-fc-Y3E1Lrj3/?mid=hIwfetyA,True,none,116,2.13,1.04,1.89,1.97,1.76,5.78,8.97,2.69,2518.33
2026-04-16 14:13:20,https://us.soccerway.com/game/botafogo-sp-2yRUzy5N/volta-redonda-zs0bUylR/?mid=Mavpjys0,False,no_lineups,112,1.83,1.04,1.83,1.6,1.55,5.21,8.0,3.77,2530.1
2026-04-16 14:13:32,https://us.soccerway.com/game/botafogo-sp-2yRUzy5N/volta-redonda-zs0bUylR/?mid=pf1hh2d2,False,no_stats,18,2.58,0.79,1.9,0.0,0.0,4.48,5.35,2.8,2538.25
2026-04-16 14:13:40,https://us.soccerway.com/game/chapecoense-sc-jcQV3XP6/coritiba-KGO4pUqO/?mid=djITDinD,True,none,118,8.64,1.53,1.65,1.2,1.92,12.21,15.12,3.72,2557.09
2026-04-16 14:13:59,https://us.soccerway.com/game/chapecoense-sc-jcQV3XP6/coritiba-KGO4pUqO/?mid=vkUQ9qpQ,True,none,116,2.55,0.84,1.79,1.38,1.48,5.82,8.21,3.86,2569.16
2026-04-16 14:14:11,https://us.soccerway.com/game/chapecoense-sc-jcQV3XP6/crb-QHa3bLrj/?mid=Aec9Q9EL,True,none,118,2.02,1.07,1.51,1.56,1.31,4.84,7.65,2.38,2579.19
2026-04-16 14:14:21,https://us.soccerway.com/game/chapecoense-sc-jcQV3XP6/crb-QHa3bLrj/?mid=GbXenkn2,True,none,118,2.64,1.03,1.86,1.66,1.76,6.26,9.13,2.52,2590.84
2026-04-16 14:14:32,https://us.soccerway.com/game/chapecoense-sc-jcQV3XP6/criciuma-48b7cubd/?mid=8MLHNMGU,True,none,116,2.34,1.43,1.79,1.22,1.52,5.65,8.47,2.67,2601.99
2026-04-16 14:14:44,https://us.soccerway.com/game/chapecoense-sc-jcQV3XP6/criciuma-48b7cubd/?mid=rsRHC0Ic,True,none,118,2.17,1.68,1.79,0.68,1.45,5.41,7.94,2.38,2612.31
2026-04-16 14:14:54,https://us.soccerway.com/game/chapecoense-sc-jcQV3XP6/cuiaba-zVvjqDOo/?mid=IHOLuGgD,True,none,118,2.04,1.01,1.73,1.4,1.33,5.1,7.67,2.96,2622.95
2026-04-16 14:15:04,https://us.soccerway.com/game/chapecoense-sc-jcQV3XP6/cuiaba-zVvjqDOo/?mid=YXdeEYAa,True,none,116,2.0,0.89,1.66,1.61,1.54,5.2,7.85,2.49,2633.28
2026-04-16 14:15:15,https://us.soccerway.com/game/chapecoense-sc-jcQV3XP6/ferroviaria-pAPVj72I/?mid=CzA7ZgkU,True,none,118,2.52,0.58,1.33,0.69,1.56,5.41,6.86,3.59,2643.73
2026-04-16 14:15:25,https://us.soccerway.com/game/chapecoense-sc-jcQV3XP6/ferroviaria-pAPVj72I/?mid=EsNXoSlL,True,none,118,2.69,1.67,1.45,0.62,2.41,6.55,9.01,2.14,2654.88
2026-04-16 14:15:36,https://us.soccerway.com/game/chapecoense-sc-jcQV3XP6/goias-hfAZyE0t/?mid=6DuD7v1D,True,none,118,2.28,1.08,1.86,1.82,2.21,6.35,9.42,2.55,2666.85
2026-04-16 14:15:48,https://us.soccerway.com/game/chapecoense-sc-jcQV3XP6/goias-hfAZyE0t/?mid=zDewkh1U,False,no_stats,18,1.78,1.14,3.7,0.0,0.0,5.48,6.69,2.92,2676.45
2026-04-16 14:15:58,https://us.soccerway.com/game/chapecoense-sc-jcQV3XP6/novorizontino-4lOgZPQl/?mid=ClZHiGm1,True,none,116,3.18,0.67,1.71,0.64,1.79,6.68,8.17,3.98,2688.61
2026-04-16 14:16:10,https://us.soccerway.com/game/chapecoense-sc-jcQV3XP6/novorizontino-4lOgZPQl/?mid=IgvZ7ikJ,True,none,116,1.87,0.82,1.47,1.36,1.65,4.99,7.33,3.87,2699.81
2026-04-16 14:16:21,https://us.soccerway.com/game/chapecoense-sc-jcQV3XP6/operario-pr-CW8Nm1GL/?mid=SdZwibFt,True,none,116,2.5,0.88,1.42,1.46,1.76,5.68,8.19,2.44,2710.44
2026-04-16 14:16:32,https://us.soccerway.com/game/chapecoense-sc-jcQV3XP6/operario-pr-CW8Nm1GL/?mid=ljxMUTEM,True,none,118,2.21,1.06,1.96,1.78,1.5,5.67,8.68,2.77,2721.88
2026-04-16 14:16:44,https://us.soccerway.com/game/chapecoense-sc-jcQV3XP6/paysandu-pa-URQ9q4vA/?mid=C4ka4rPp,True,none,116,2.31,1.86,1.84,1.23,1.59,5.74,9.0,2.82,2733.71
2026-04-16 14:16:55,https://us.soccerway.com/game/chapecoense-sc-jcQV3XP6/paysandu-pa-URQ9q4vA/?mid=OvHquUpC,True,none,116,2.37,1.94,1.56,1.58,1.56,5.49,9.19,2.63,2745.53
2026-04-16 14:17:07,https://us.soccerway.com/game/chapecoense-sc-jcQV3XP6/remo-2i0B6Zul/?mid=CCeJuPCd,True,none,118,2.0,1.64,1.72,0.6,1.52,5.24,7.65,2.08,2755.26
2026-04-16 14:17:17,https://us.soccerway.com/game/chapecoense-sc-jcQV3XP6/remo-2i0B6Zul/?mid=EDa1uKSs,True,none,116,1.93,1.18,1.77,1.54,1.83,5.53,8.43,2.6,2766.29
2026-04-16 14:17:28,https://us.soccerway.com/game/chapecoense-sc-jcQV3XP6/vila-nova-fc-Y3E1Lrj3/?mid=UcNstTsJ,True,none,116,1.62,1.83,1.84,0.84,1.79,5.25,8.11,2.53,2776.93
2026-04-16 14:17:39,https://us.soccerway.com/game/chapecoense-sc-jcQV3XP6/vila-nova-fc-Y3E1Lrj3/?mid=v9hBKd4L,True,none,116,1.4,1.87,1.32,1.16,1.44,4.16,7.35,2.57,2786.84
2026-04-16 14:17:49,https://us.soccerway.com/game/chapecoense-sc-jcQV3XP6/volta-redonda-zs0bUylR/?mid=C4kd68le,True,none,116,2.41,1.46,1.96,0.99,1.88,6.25,8.86,2.81,2798.52
2026-04-16 14:18:00,https://us.soccerway.com/game/chapecoense-sc-jcQV3XP6/volta-redonda-zs0bUylR/?mid=pdfcE4zJ,True,none,116,2.23,1.87,1.77,0.94,1.85,5.85,8.82,2.54,2809.87
2026-04-16 14:18:12,https://us.soccerway.com/game/coritiba-KGO4pUqO/crb-QHa3bLrj/?mid=dxTzPbr1,True,none,116,1.89,1.95,1.67,1.69,1.76,5.32,9.12,2.5,2821.49
2026-04-16 14:18:23,https://us.soccerway.com/game/coritiba-KGO4pUqO/crb-QHa3bLrj/?mid=zosE16ZF,True,none,116,2.18,1.13,1.42,1.7,1.38,4.98,7.96,3.58,2833.03
2026-04-16 14:18:35,https://us.soccerway.com/game/coritiba-KGO4pUqO/criciuma-48b7cubd/?mid=ChPesXvn,False,no_stats,18,1.97,1.1,2.47,0.0,0.0,4.44,5.63,3.38,2842.04
2026-04-16 14:18:44,https://us.soccerway.com/game/coritiba-KGO4pUqO/criciuma-48b7cubd/?mid=dpifPZ7t,True,none,116,2.08,1.61,1.77,0.97,1.81,5.66,8.41,2.08,2852.53
2026-04-16 14:18:54,https://us.soccerway.com/game/coritiba-KGO4pUqO/cuiaba-zVvjqDOo/?mid=OSIb6zKi,True,none,116,1.84,0.97,1.33,0.82,1.7,4.87,6.82,2.14,2861.48
2026-04-16 14:19:03,https://us.soccerway.com/game/coritiba-KGO4pUqO/cuiaba-zVvjqDOo/?mid=vaPb0R3E,True,none,116,2.51,1.66,1.74,1.4,2.01,6.26,9.48,3.26,2874.23
2026-04-16 14:19:16,https://us.soccerway.com/game/coritiba-KGO4pUqO/ferroviaria-pAPVj72I/?mid=dQ2z0NYi,False,no_lineups,112,2.5,0.79,2.32,0.65,1.5,6.32,7.91,3.25,2885.39
2026-04-16 14:19:27,https://us.soccerway.com/game/coritiba-KGO4pUqO/ferroviaria-pAPVj72I/?mid=ltsixMVN,True,none,118,2.24,1.57,2.05,1.89,1.63,5.92,9.55,3.55,2898.49
2026-04-16 14:19:40,https://us.soccerway.com/game/coritiba-KGO4pUqO/goias-hfAZyE0t/?mid=l4eFxjs4,True,none,114,4.26,1.45,3.25,1.99,1.56,9.07,12.68,2.88,2914.05
2026-04-16 14:19:56,https://us.soccerway.com/game/coritiba-KGO4pUqO/goias-hfAZyE0t/?mid=r32hPw23,True,none,116,2.35,1.21,1.48,1.49,1.5,5.33,8.18,3.75,2925.98
2026-04-16 14:20:08,https://us.soccerway.com/game/coritiba-KGO4pUqO/novorizontino-4lOgZPQl/?mid=0Ojz6e0k,True,none,116,2.35,0.74,1.39,1.11,1.84,5.58,7.61,2.2,2935.78
2026-04-16 14:20:18,https://us.soccerway.com/game/coritiba-KGO4pUqO/novorizontino-4lOgZPQl/?mid=bFOclYNP,True,none,116,2.41,1.4,1.62,1.35,1.66,5.69,8.6,2.06,2946.44
2026-04-16 14:20:28,https://us.soccerway.com/game/coritiba-KGO4pUqO/operario-pr-CW8Nm1GL/?mid=MiAT3WZP,True,none,116,2.11,0.61,1.64,0.65,1.53,5.28,6.72,3.49,2956.65
2026-04-16 14:20:39,https://us.soccerway.com/game/coritiba-KGO4pUqO/operario-pr-CW8Nm1GL/?mid=hhf3MIZ8,True,none,118,1.56,1.63,1.92,1.84,1.45,4.93,8.58,2.49,2967.72
2026-04-16 14:20:50,https://us.soccerway.com/game/coritiba-KGO4pUqO/paysandu-pa-URQ9q4vA/?mid=SIQx0EF8,True,none,118,2.46,1.75,2.3,1.09,1.59,6.35,9.37,2.79,2979.88
2026-04-16 14:21:02,https://us.soccerway.com/game/coritiba-KGO4pUqO/paysandu-pa-URQ9q4vA/?mid=lU0GlqNh,True,none,116,2.37,1.85,1.88,1.59,1.5,5.75,9.36,2.92,2992.15
2026-04-16 14:21:14,https://us.soccerway.com/game/coritiba-KGO4pUqO/remo-2i0B6Zul/?mid=lpXURxN8,True,none,116,2.55,0.76,1.55,1.84,1.75,5.85,8.61,3.46,3004.23
2026-04-16 14:21:26,https://us.soccerway.com/game/coritiba-KGO4pUqO/remo-2i0B6Zul/?mid=r3pRmbTq,True,none,116,2.29,0.56,1.75,1.32,1.65,5.69,7.74,2.38,3014.35
2026-04-16 14:21:36,https://us.soccerway.com/game/coritiba-KGO4pUqO/vila-nova-fc-Y3E1Lrj3/?mid=4bxGegPF,True,none,116,2.52,1.17,1.51,1.02,1.87,5.9,8.26,2.66,3025.27
2026-04-16 14:21:47,https://us.soccerway.com/game/coritiba-KGO4pUqO/vila-nova-fc-Y3E1Lrj3/?mid=Cx9HSvvh,True,none,116,2.18,0.54,1.3,1.03,1.85,5.33,7.07,2.31,3034.65
2026-04-16 14:21:57,https://us.soccerway.com/game/coritiba-KGO4pUqO/volta-redonda-zs0bUylR/?mid=0AZRQKDl,True,none,116,2.74,1.4,1.72,1.75,1.54,6.0,9.32,3.4,3047.37
2026-04-16 14:22:09,https://us.soccerway.com/game/coritiba-KGO4pUqO/volta-redonda-zs0bUylR/?mid=WC8ZsLxQ,True,none,116,2.24,0.76,1.37,1.64,1.87,5.48,8.05,3.71,3059.13
2026-04-16 14:22:21,https://us.soccerway.com/game/crb-QHa3bLrj/criciuma-48b7cubd/?mid=Uehvbc9s,True,none,116,2.35,0.57,1.73,0.92,1.49,5.57,7.21,3.57,3069.91
2026-04-16 14:22:32,https://us.soccerway.com/game/crb-QHa3bLrj/criciuma-48b7cubd/?mid=hxULUget,False,no_stats,18,2.62,2.0,1.63,0.0,0.0,4.25,6.34,2.54,3078.79
2026-04-16 14:22:41,https://us.soccerway.com/game/crb-QHa3bLrj/cuiaba-zVvjqDOo/?mid=K0kzt4Wb,True,none,118,2.49,1.7,1.48,1.5,1.97,5.94,9.3,2.68,3090.76
2026-04-16 14:22:53,https://us.soccerway.com/game/crb-QHa3bLrj/cuiaba-zVvjqDOo/?mid=Q5fiduYG,True,none,116,2.16,1.41,1.52,0.73,1.56,5.24,7.55,3.9,3102.21
2026-04-16 14:23:04,https://us.soccerway.com/game/crb-QHa3bLrj/ferroviaria-pAPVj72I/?mid=MqxM99Qq,True,none,116,2.75,1.46,1.85,0.67,1.43,6.03,8.33,3.7,3114.24
2026-04-16 14:23:16,https://us.soccerway.com/game/crb-QHa3bLrj/ferroviaria-pAPVj72I/?mid=YL0fk1eD,True,none,118,2.31,0.73,1.8,1.35,1.78,5.89,8.14,3.47,3125.86
2026-04-16 14:23:28,https://us.soccerway.com/game/crb-QHa3bLrj/goias-hfAZyE0t/?mid=OEwQiy5b,True,none,116,4.81,0.95,1.91,1.88,1.74,8.46,11.5,3.58,3140.93
2026-04-16 14:23:43,https://us.soccerway.com/game/crb-QHa3bLrj/goias-hfAZyE0t/?mid=rZ0IzsPM,True,none,118,2.74,1.47,1.59,1.56,1.62,5.95,9.12,2.79,3152.84
2026-04-16 14:23:55,https://us.soccerway.com/game/crb-QHa3bLrj/novorizontino-4lOgZPQl/?mid=IsEYrGuA,True,none,115,2.18,1.75,1.85,0.6,1.88,5.91,8.45,2.84,3164.14
2026-04-16 14:24:06,https://us.soccerway.com/game/crb-QHa3bLrj/novorizontino-4lOgZPQl/?mid=vglCXpmf,True,none,116,2.3,1.44,1.83,0.72,1.77,5.9,8.24,3.04,3175.42
2026-04-16 14:24:18,https://us.soccerway.com/game/crb-QHa3bLrj/operario-pr-CW8Nm1GL/?mid=EyntquiU,True,none,118,2.44,1.94,1.6,1.55,2.06,6.1,9.77,2.23,3187.42
2026-04-16 14:24:30,https://us.soccerway.com/game/crb-QHa3bLrj/operario-pr-CW8Nm1GL/?mid=lnfKCiaE,True,none,118,1.85,1.61,1.84,0.61,1.41,5.1,7.51,2.6,3197.53
2026-04-16 14:24:40,https://us.soccerway.com/game/crb-QHa3bLrj/paysandu-pa-URQ9q4vA/?mid=W6XkDEde,True,none,116,2.54,1.76,2.22,1.81,1.71,6.47,10.22,3.21,3210.96
2026-04-16 14:24:53,https://us.soccerway.com/game/crb-QHa3bLrj/paysandu-pa-URQ9q4vA/?mid=txi0bAcm,True,none,116,2.3,1.76,1.51,0.84,1.97,5.78,8.55,2.78,3222.29
2026-04-16 14:25:05,https://us.soccerway.com/game/crb-QHa3bLrj/remo-2i0B6Zul/?mid=EJzMZsSF,True,none,118,2.12,1.44,1.78,0.89,1.62,5.52,8.04,2.54,3232.87
2026-04-16 14:25:15,https://us.soccerway.com/game/crb-QHa3bLrj/remo-2i0B6Zul/?mid=zyW8pcie,True,none,116,2.56,0.7,1.43,1.01,1.58,5.57,7.46,3.72,3244.05
2026-04-16 14:25:26,https://us.soccerway.com/game/crb-QHa3bLrj/vila-nova-fc-Y3E1Lrj3/?mid=Kl9XJ86s,True,none,118,2.16,1.62,1.44,0.69,1.46,5.06,7.55,3.11,3254.71
2026-04-16 14:25:37,https://us.soccerway.com/game/crb-QHa3bLrj/vila-nova-fc-Y3E1Lrj3/?mid=Q7H8FCR8,True,none,116,2.29,1.01,1.83,1.93,2.04,6.16,9.28,2.31,3266.29
2026-04-16 14:25:49,https://us.soccerway.com/game/crb-QHa3bLrj/volta-redonda-zs0bUylR/?mid=61FCr3i4,True,none,118,2.16,0.65,1.83,1.93,1.62,5.61,8.36,2.97,3277.63
2026-04-16 14:26:00,https://us.soccerway.com/game/crb-QHa3bLrj/volta-redonda-zs0bUylR/?mid=8lfr4ZU1,True,none,116,2.53,0.63,1.61,0.84,1.77,5.91,7.54,3.36,3288.53
2026-04-16 14:26:11,https://us.soccerway.com/game/criciuma-48b7cubd/cuiaba-zVvjqDOo/?mid=8jZbQTuR,True,none,116,2.26,1.96,1.51,1.04,1.94,5.71,8.87,3.47,3300.87
2026-04-16 14:26:23,https://us.soccerway.com/game/criciuma-48b7cubd/cuiaba-zVvjqDOo/?mid=MFKPpxBc,True,none,116,2.59,0.6,1.41,1.06,2.99,6.99,8.82,3.46,3313.15
2026-04-16 14:26:36,https://us.soccerway.com/game/criciuma-48b7cubd/ferroviaria-pAPVj72I/?mid=EZzxhcCm,True,none,116,3.32,0.84,1.49,0.58,1.58,6.39,7.99,3.84,3324.98
2026-04-16 14:26:47,https://us.soccerway.com/game/criciuma-48b7cubd/ferroviaria-pAPVj72I/?mid=vJm53S43,True,none,116,2.04,0.97,2.3,1.21,2.19,6.53,8.89,2.81,3336.68
2026-04-16 14:26:59,https://us.soccerway.com/game/criciuma-48b7cubd/goias-hfAZyE0t/?mid=2ea5xa0m,False,no_stats,18,3.57,1.98,1.64,0.0,0.0,5.21,7.26,2.4,3346.34
2026-04-16 14:27:09,https://us.soccerway.com/game/criciuma-48b7cubd/goias-hfAZyE0t/?mid=pMNiP7xp,False,no_stats,18,3.14,1.5,3.81,0.0,0.0,6.95,8.54,2.8,3357.68
2026-04-16 14:27:20,https://us.soccerway.com/game/criciuma-48b7cubd/novorizontino-4lOgZPQl/?mid=4WD80yDk,True,none,118,2.89,0.97,1.98,0.58,1.35,6.22,7.93,3.83,3369.45
2026-04-16 14:27:32,https://us.soccerway.com/game/criciuma-48b7cubd/novorizontino-4lOgZPQl/?mid=zFABvG6E,True,none,116,2.45,1.71,1.75,1.99,1.62,5.82,9.68,3.5,3382.62
2026-04-16 14:27:45,https://us.soccerway.com/game/criciuma-48b7cubd/operario-pr-CW8Nm1GL/?mid=ET30SVq9,True,none,116,1.81,0.72,1.82,0.71,3.09,6.72,8.31,2.59,3393.53
2026-04-16 14:27:56,https://us.soccerway.com/game/criciuma-48b7cubd/operario-pr-CW8Nm1GL/?mid=r5PsAhv9,True,none,116,2.12,0.55,1.39,1.78,1.9,5.41,7.9,3.64,3405.06
2026-04-16 14:28:08,https://us.soccerway.com/game/criciuma-48b7cubd/paysandu-pa-URQ9q4vA/?mid=Mqvd6vEE,True,none,118,2.19,0.72,1.49,0.89,1.31,4.99,6.77,3.73,3415.56
2026-04-16 14:28:18,https://us.soccerway.com/game/criciuma-48b7cubd/paysandu-pa-URQ9q4vA/?mid=ju6IFMzp,True,none,116,2.17,1.56,1.68,0.57,1.39,5.24,7.55,2.5,3425.61
2026-04-16 14:28:28,https://us.soccerway.com/game/criciuma-48b7cubd/remo-2i0B6Zul/?mid=hCIpZeJE,True,none,118,2.36,0.53,1.37,1.79,1.89,5.62,8.11,2.5,3436.23
2026-04-16 14:28:39,https://us.soccerway.com/game/criciuma-48b7cubd/remo-2i0B6Zul/?mid=zaUYskD6,True,none,116,2.7,0.68,1.79,0.74,1.75,6.24,7.83,3.76,3447.81
2026-04-16 14:28:50,https://us.soccerway.com/game/criciuma-48b7cubd/vila-nova-fc-Y3E1Lrj3/?mid=Qi1U0KQE,True,none,116,2.11,1.38,1.34,0.86,1.43,4.88,7.28,3.21,3458.3
2026-04-16 14:29:01,https://us.soccerway.com/game/criciuma-48b7cubd/vila-nova-fc-Y3E1Lrj3/?mid=SpqADeLs,True,none,116,2.62,1.74,1.49,1.07,1.49,5.6,8.59,2.02,3468.91
2026-04-16 14:29:12,https://us.soccerway.com/game/criciuma-48b7cubd/volta-redonda-zs0bUylR/?mid=jBCUQjw8,True,none,116,2.6,0.73,1.74,0.83,1.8,6.14,7.86,2.6,3479.37
2026-04-16 14:29:22,https://us.soccerway.com/game/criciuma-48b7cubd/volta-redonda-zs0bUylR/?mid=lIzlikdc,True,none,116,2.48,1.86,1.42,1.49,1.28,5.18,8.69,2.34,3490.4
2026-04-16 14:29:33,https://us.soccerway.com/game/cuiaba-zVvjqDOo/ferroviaria-pAPVj72I/?mid=AHrHfSdC,True,none,116,1.24,1.22,1.42,1.26,1.97,4.63,7.28,2.67,3500.35
2026-04-16 14:29:43,https://us.soccerway.com/game/cuiaba-zVvjqDOo/ferroviaria-pAPVj72I/?mid=bgZsFzSr,True,none,118,2.23,0.65,1.73,1.3,1.99,5.95,8.06,2.65,3511.06
2026-04-16 14:29:54,https://us.soccerway.com/game/cuiaba-zVvjqDOo/goias-hfAZyE0t/?mid=GG28j5ht,True,none,116,2.98,1.26,1.81,1.83,1.77,6.56,9.81,2.95,3523.82
2026-04-16 14:30:07,https://us.soccerway.com/game/cuiaba-zVvjqDOo/goias-hfAZyE0t/?mid=zqUpbhpL,True,none,116,2.01,1.84,1.57,1.7,1.43,5.01,8.7,2.08,3534.6
2026-04-16 14:30:17,https://us.soccerway.com/game/cuiaba-zVvjqDOo/novorizontino-4lOgZPQl/?mid=h8AsyBz3,True,none,116,2.55,1.45,1.68,1.54,2.02,6.25,9.41,2.93,3546.94
2026-04-16 14:30:30,https://us.soccerway.com/game/cuiaba-zVvjqDOo/novorizontino-4lOgZPQl/?mid=xxptlg4N,True,none,118,2.02,1.78,1.64,0.59,1.65,5.31,7.84,2.68,3557.46
2026-04-16 14:30:40,https://us.soccerway.com/game/cuiaba-zVvjqDOo/operario-pr-CW8Nm1GL/?mid=jsoZyHo9,True,none,118,2.18,1.81,1.37,1.43,1.31,4.86,8.26,2.31,3568.03
2026-04-16 14:30:51,https://us.soccerway.com/game/cuiaba-zVvjqDOo/operario-pr-CW8Nm1GL/?mid=pWlOzUBG,True,none,116,2.08,0.91,1.84,1.92,1.46,5.38,8.38,2.26,3578.67
2026-04-16 14:31:01,https://us.soccerway.com/game/cuiaba-zVvjqDOo/paysandu-pa-URQ9q4vA/?mid=KKuzsaZr,True,none,116,2.14,1.82,1.44,1.21,1.68,5.26,8.47,3.13,3590.28
2026-04-16 14:31:13,https://us.soccerway.com/game/cuiaba-zVvjqDOo/paysandu-pa-URQ9q4vA/?mid=MRpQ9DK6,True,none,116,2.07,1.07,1.59,1.79,1.51,5.17,8.18,3.06,3601.52
2026-04-16 14:31:24,https://us.soccerway.com/game/cuiaba-zVvjqDOo/remo-2i0B6Zul/?mid=WziMYGaC,True,none,116,3.47,0.79,1.34,0.98,1.78,6.59,8.54,2.99,3613.05
2026-04-16 14:31:36,https://us.soccerway.com/game/cuiaba-zVvjqDOo/remo-2i0B6Zul/?mid=nRu5YBFc,True,none,118,1.64,1.65,1.42,1.32,1.52,4.58,7.72,2.32,3623.09
2026-04-16 14:31:46,https://us.soccerway.com/game/cuiaba-zVvjqDOo/vila-nova-fc-Y3E1Lrj3/?mid=p6N3uB9b,True,none,114,2.86,1.75,1.5,1.61,2.08,6.44,9.96,3.76,3636.81
2026-04-16 14:32:00,https://us.soccerway.com/game/cuiaba-zVvjqDOo/vila-nova-fc-Y3E1Lrj3/?mid=xtKT8ENa,True,none,118,2.37,0.95,1.39,1.86,1.68,5.44,8.44,3.35,3648.59
2026-04-16 14:32:11,https://us.soccerway.com/game/cuiaba-zVvjqDOo/volta-redonda-zs0bUylR/?mid=0QVOgXgS,True,none,116,1.37,0.7,1.86,1.78,1.9,5.13,7.78,2.01,3658.38
2026-04-16 14:32:21,https://us.soccerway.com/game/cuiaba-zVvjqDOo/volta-redonda-zs0bUylR/?mid=f1feH5y8,True,none,116,2.21,1.28,1.56,1.94,1.34,5.11,8.5,3.54,3670.42
2026-04-16 14:32:33,https://us.soccerway.com/game/ferroviaria-pAPVj72I/goias-hfAZyE0t/?mid=4zU2l6hT,False,no_lineups,112,2.5,0.74,1.47,1.02,2.31,6.28,8.18,3.93,3682.53
2026-04-16 14:32:45,https://us.soccerway.com/game/ferroviaria-pAPVj72I/goias-hfAZyE0t/?mid=GQVKAzgm,True,none,118,2.24,1.27,1.84,1.99,1.77,5.85,9.28,2.46,3694.27
2026-04-16 14:32:57,https://us.soccerway.com/game/ferroviaria-pAPVj72I/novorizontino-4lOgZPQl/?mid=IcEMSC8e,True,none,118,2.71,1.35,1.83,0.54,2.06,6.6,8.67,2.17,3705.11
2026-04-16 14:33:08,https://us.soccerway.com/game/ferroviaria-pAPVj72I/novorizontino-4lOgZPQl/?mid=zZ6VUbue,False,no_stats,18,2.41,1.56,6.01,0.0,0.0,8.42,10.06,2.89,3718.06
2026-04-16 14:33:21,https://us.soccerway.com/game/ferroviaria-pAPVj72I/operario-pr-CW8Nm1GL/?mid=AugDyYXq,True,none,112,4.32,1.79,1.94,0.75,1.97,8.23,10.93,3.09,3732.08
2026-04-16 14:33:35,https://us.soccerway.com/game/ferroviaria-pAPVj72I/operario-pr-CW8Nm1GL/?mid=z72nHP2D,True,none,116,2.25,1.0,1.69,1.99,1.48,5.42,8.59,3.01,3743.68
2026-04-16 14:33:47,https://us.soccerway.com/game/ferroviaria-pAPVj72I/paysandu-pa-URQ9q4vA/?mid=Aon490W0,True,none,116,2.18,1.8,1.41,0.81,1.83,5.42,8.2,3.52,3755.4
2026-04-16 14:33:58,https://us.soccerway.com/game/ferroviaria-pAPVj72I/paysandu-pa-URQ9q4vA/?mid=rXcwKC04,True,none,118,2.51,0.78,1.73,1.94,1.74,5.98,8.88,3.72,3768.01
2026-04-16 14:34:11,https://us.soccerway.com/game/ferroviaria-pAPVj72I/remo-2i0B6Zul/?mid=2gxlJR6e,True,none,118,1.71,1.08,1.49,1.57,1.72,4.92,7.74,2.65,3778.4
2026-04-16 14:34:21,https://us.soccerway.com/game/ferroviaria-pAPVj72I/remo-2i0B6Zul/?mid=ddHflBHk,True,none,116,2.38,0.88,1.38,1.26,1.82,5.58,7.92,3.9,3790.22
2026-04-16 14:34:33,https://us.soccerway.com/game/ferroviaria-pAPVj72I/vila-nova-fc-Y3E1Lrj3/?mid=6V2IA8Nj,True,none,118,2.71,1.8,1.51,0.92,1.57,5.79,8.68,2.48,3801.38
2026-04-16 14:34:44,https://us.soccerway.com/game/ferroviaria-pAPVj72I/vila-nova-fc-Y3E1Lrj3/?mid=h4K3ofqI,True,none,116,2.43,1.22,1.77,1.07,1.94,6.14,8.62,3.62,3813.62
2026-04-16 14:34:57,https://us.soccerway.com/game/ferroviaria-pAPVj72I/volta-redonda-zs0bUylR/?mid=CdHGbFs2,True,none,116,2.43,1.87,1.85,1.07,1.83,6.11,9.26,3.19,3826.07
2026-04-16 14:35:09,https://us.soccerway.com/game/ferroviaria-pAPVj72I/volta-redonda-zs0bUylR/?mid=OvqaVBT0,True,none,116,2.5,0.71,1.34,1.49,1.79,5.63,8.02,3.72,3837.81
2026-04-16 14:35:21,https://us.soccerway.com/game/goias-hfAZyE0t/novorizontino-4lOgZPQl/?mid=CUYnuWkd,True,none,116,2.12,1.23,1.77,1.82,1.39,5.28,8.47,3.26,3849.53
2026-04-16 14:35:33,https://us.soccerway.com/game/goias-hfAZyE0t/novorizontino-4lOgZPQl/?mid=O6DQFHBN,False,no_lineups,112,1.71,1.75,2.32,0.87,3.1,7.13,9.9,3.03,3862.46
2026-04-16 14:35:46,https://us.soccerway.com/game/goias-hfAZyE0t/operario-pr-CW8Nm1GL/?mid=AXKd4N7m,True,none,114,2.68,1.81,1.77,0.69,1.61,6.06,8.73,3.01,3874.2
2026-04-16 14:35:57,https://us.soccerway.com/game/goias-hfAZyE0t/operario-pr-CW8Nm1GL/?mid=OdAFyevK,False,no_stats,18,2.1,1.73,2.07,0.0,0.0,4.17,5.98,2.61,3882.79
2026-04-16 14:36:06,https://us.soccerway.com/game/goias-hfAZyE0t/paysandu-pa-URQ9q4vA/?mid=CI8nGftm,False,no_stats,14,2.5,1.16,5.28,0.0,0.0,7.78,9.01,3.37,3895.18
2026-04-16 14:36:18,https://us.soccerway.com/game/goias-hfAZyE0t/paysandu-pa-URQ9q4vA/?mid=MkVCsxP0,True,none,112,2.56,0.92,1.41,0.7,1.45,5.42,7.25,3.64,3906.06
2026-04-16 14:36:29,https://us.soccerway.com/game/goias-hfAZyE0t/remo-2i0B6Zul/?mid=hOAVK73l,True,none,118,2.91,1.58,1.78,0.58,1.67,6.36,8.7,3.05,3917.81
2026-04-16 14:36:41,https://us.soccerway.com/game/goias-hfAZyE0t/remo-2i0B6Zul/?mid=trpiWxd4,True,none,116,2.06,1.58,1.3,0.81,1.62,4.98,7.55,3.26,3928.62
2026-04-16 14:36:52,https://us.soccerway.com/game/goias-hfAZyE0t/vila-nova-fc-Y3E1Lrj3/?mid=EguKDn2b,True,none,116,1.44,1.07,1.84,1.14,1.55,4.83,7.2,2.05,3937.87
2026-04-16 14:37:01,https://us.soccerway.com/game/goias-hfAZyE0t/vila-nova-fc-Y3E1Lrj3/?mid=UcFTrCom,True,none,114,2.41,0.56,1.9,1.85,1.86,6.17,8.74,3.69,3950.29
2026-04-16 14:37:14,https://us.soccerway.com/game/goias-hfAZyE0t/volta-redonda-zs0bUylR/?mid=0za3nLBL,True,none,116,2.24,1.42,1.45,1.76,2.05,5.74,9.1,3.27,3962.67
2026-04-16 14:37:26,https://us.soccerway.com/game/goias-hfAZyE0t/volta-redonda-zs0bUylR/?mid=4A2GKUYO,True,none,116,2.1,1.45,1.58,0.54,1.56,5.24,7.38,3.35,3973.39
2026-04-16 14:37:37,https://us.soccerway.com/game/novorizontino-4lOgZPQl/operario-pr-CW8Nm1GL/?mid=KG5EfdXh,True,none,116,2.31,1.48,1.79,0.99,1.78,5.88,8.53,2.55,3984.48
2026-04-16 14:37:48,https://us.soccerway.com/game/novorizontino-4lOgZPQl/operario-pr-CW8Nm1GL/?mid=zm4YID3c,True,none,116,2.1,1.46,1.48,1.16,1.5,5.08,7.88,3.33,3995.69
2026-04-16 14:37:59,https://us.soccerway.com/game/novorizontino-4lOgZPQl/paysandu-pa-URQ9q4vA/?mid=lbKKyT8N,True,none,118,2.18,1.27,1.49,1.55,1.72,5.39,8.37,3.19,4007.25
2026-04-16 14:38:11,https://us.soccerway.com/game/novorizontino-4lOgZPQl/paysandu-pa-URQ9q4vA/?mid=pSbCJVyI,True,none,118,2.08,1.98,1.89,1.1,1.81,5.78,9.02,3.43,4019.7
2026-04-16 14:38:23,https://us.soccerway.com/game/novorizontino-4lOgZPQl/remo-2i0B6Zul/?mid=QD8PjAxe,True,none,116,2.22,1.91,1.58,1.49,1.88,5.68,9.24,2.47,4031.41
2026-04-16 14:38:35,https://us.soccerway.com/game/novorizontino-4lOgZPQl/remo-2i0B6Zul/?mid=vJFb1M6b,True,none,116,1.74,1.73,1.73,1.64,1.72,5.19,8.76,3.02,4043.2
2026-04-16 14:38:47,https://us.soccerway.com/game/novorizontino-4lOgZPQl/vila-nova-fc-Y3E1Lrj3/?mid=8tCqczy1,True,none,116,2.49,1.92,1.87,1.72,1.79,6.15,9.96,2.14,4055.29
2026-04-16 14:38:59,https://us.soccerway.com/game/novorizontino-4lOgZPQl/vila-nova-fc-Y3E1Lrj3/?mid=OULwN4rA,False,no_stats,18,2.54,0.72,1.77,0.0,0.0,4.31,5.12,3.11,4063.52
2026-04-16 14:39:07,https://us.soccerway.com/game/novorizontino-4lOgZPQl/volta-redonda-zs0bUylR/?mid=0nP3BdLU,True,none,116,2.08,1.65,3.59,1.51,1.35,7.02,10.34,2.07,4075.93
2026-04-16 14:39:19,https://us.soccerway.com/game/novorizontino-4lOgZPQl/volta-redonda-zs0bUylR/?mid=Agr3Sj16,True,none,116,2.53,0.99,1.75,1.77,1.6,5.88,8.81,3.27,4088.02
2026-04-16 14:39:32,https://us.soccerway.com/game/operario-pr-CW8Nm1GL/paysandu-pa-URQ9q4vA/?mid=SbAHIYqe,True,none,118,2.72,0.72,1.4,1.52,1.45,5.57,7.96,2.89,4098.87
2026-04-16 14:39:42,https://us.soccerway.com/game/operario-pr-CW8Nm1GL/paysandu-pa-URQ9q4vA/?mid=WOQL9uj3,True,none,116,2.34,1.97,1.76,1.99,1.75,5.85,9.97,2.55,4111.39
2026-04-16 14:39:55,https://us.soccerway.com/game/operario-pr-CW8Nm1GL/remo-2i0B6Zul/?mid=AmRKVfsQ,True,none,118,1.97,1.41,1.26,1.41,1.6,4.83,7.82,3.52,4122.73
2026-04-16 14:40:06,https://us.soccerway.com/game/operario-pr-CW8Nm1GL/remo-2i0B6Zul/?mid=hYwruw4e,True,none,116,2.58,1.32,2.34,1.7,1.43,6.35,9.55,3.58,4135.86
2026-04-16 14:40:19,https://us.soccerway.com/game/operario-pr-CW8Nm1GL/vila-nova-fc-Y3E1Lrj3/?mid=janU1FTb,True,none,116,2.6,1.14,1.47,1.07,2.02,6.09,8.47,3.13,4147.45
2026-04-16 14:40:31,https://us.soccerway.com/game/operario-pr-CW8Nm1GL/vila-nova-fc-Y3E1Lrj3/?mid=rgiIyxS6,True,none,118,2.58,0.91,1.29,1.24,1.95,5.82,8.14,2.01,4157.61
2026-04-16 14:40:41,https://us.soccerway.com/game/operario-pr-CW8Nm1GL/volta-redonda-zs0bUylR/?mid=hU3fKHpJ,True,none,118,1.81,0.98,1.9,1.65,1.76,5.47,8.26,2.85,4168.72
2026-04-16 14:40:52,https://us.soccerway.com/game/operario-pr-CW8Nm1GL/volta-redonda-zs0bUylR/?mid=zRzC3iGN,True,none,118,2.46,1.02,1.46,1.25,1.99,5.91,8.35,2.01,4179.07
2026-04-16 14:41:03,https://us.soccerway.com/game/paysandu-pa-URQ9q4vA/remo-2i0B6Zul/?mid=O8zG0WmT,True,none,118,1.96,1.36,2.04,1.03,1.78,5.78,8.34,3.87,4191.28
2026-04-16 14:41:15,https://us.soccerway.com/game/paysandu-pa-URQ9q4vA/remo-2i0B6Zul/?mid=nPS6b5YQ,True,none,118,1.91,0.81,1.8,0.85,1.5,5.21,7.03,2.93,4201.24
2026-04-16 14:41:25,https://us.soccerway.com/game/paysandu-pa-URQ9q4vA/vila-nova-fc-Y3E1Lrj3/?mid=I37D0u7C,False,no_stats,18,2.39,1.73,1.73,0.0,0.0,4.12,5.94,3.43,4210.61
2026-04-16 14:41:34,https://us.soccerway.com/game/paysandu-pa-URQ9q4vA/vila-nova-fc-Y3E1Lrj3/?mid=pjNmNePQ,True,none,116,2.59,1.48,1.81,0.68,2.57,6.97,9.3,2.22,4222.12
2026-04-16 14:41:46,https://us.soccerway.com/game/paysandu-pa-URQ9q4vA/volta-redonda-zs0bUylR/?mid=W2cafJ2T,False,no_stats,18,2.57,1.37,2.34,0.0,0.0,4.91,6.37,3.24,4231.74
2026-04-16 14:41:56,https://us.soccerway.com/game/paysandu-pa-URQ9q4vA/volta-redonda-zs0bUylR/?mid=bFSMWago,False,no_lineups,114,4.23,0.99,4.37,1.95,1.55,10.15,13.25,3.85,4248.84
2026-04-16 14:42:13,https://us.soccerway.com/game/remo-2i0B6Zul/vila-nova-fc-Y3E1Lrj3/?mid=jT50NHWF,False,no_lineups,112,2.56,0.67,2.09,1.14,1.81,6.46,8.42,3.83,4261.09
2026-04-16 14:42:25,https://us.soccerway.com/game/remo-2i0B6Zul/vila-nova-fc-Y3E1Lrj3/?mid=xv7VY7tT,False,no_lineups,114,3.89,1.49,1.88,1.47,1.94,7.71,10.84,3.65,4275.58
2026-04-16 14:42:39,https://us.soccerway.com/game/remo-2i0B6Zul/volta-redonda-zs0bUylR/?mid=K0ZXrpGj,False,no_stats,18,3.47,0.81,1.56,0.0,0.0,5.03,5.92,2.0,4283.5
2026-04-16 14:42:47,https://us.soccerway.com/game/remo-2i0B6Zul/volta-redonda-zs0bUylR/?mid=p6Ny7hhC,False,no_stats,18,3.84,1.53,4.6,0.0,0.0,8.44,10.05,3.5,4297.05
2026-04-16 14:43:01,https://us.soccerway.com/game/vila-nova-fc-Y3E1Lrj3/volta-redonda-zs0bUylR/?mid=0QVjSkBE,True,none,114,3.26,1.9,2.3,1.01,1.59,7.15,10.21,2.66,4309.93
2026-04-16 14:43:14,https://us.soccerway.com/game/vila-nova-fc-Y3E1Lrj3/volta-redonda-zs0bUylR/?mid=GxdLZB2d,True,none,114,2.02,1.48,2.25,1.16,1.56,5.83,8.62,0.0,4318.55
