match_id,league_division,round,date,kickoff_time,attendance,capacity,stadium,city,home_team,away_team,home_goals,away_goals,result,home_formation,away_formation,home_team_rating,away_team_rating,home_shots_total,away_shots_total,home_shots_on_target,away_shots_on_target,home_shots_off_target,away_shots_off_target,home_shots_inside_box,away_shots_inside_box,home_shots_outside_box,away_shots_outside_box,home_headed_goals,away_headed_goals,home_hit_woodwork,away_hit_woodwork,home_corners,away_corners,home_free_kicks,away_free_kicks,home_throw_ins,away_throw_ins,home_fouls_committed,away_fouls_committed,home_offsides,away_offsides,home_yellow_cards,away_yellow_cards,home_red_cards,away_red_cards,home_goalkeeper_saves,away_goalkeeper_saves,home_possession_pct,away_possession_pct,home_touches_opp_box,away_touches_opp_box,home_passes_pct,away_passes_pct,home_passes_successful,away_passes_successful,home_passes_total,away_passes_total,home_long_passes_pct,away_long_passes_pct,home_long_passes_successful,away_long_passes_successful,home_long_passes_total,away_long_passes_total,home_passes_final_third_pct,away_passes_final_third_pct,home_passes_final_third_successful,away_passes_final_third_successful,home_passes_final_third_total,away_passes_final_third_total,home_crosses_pct,away_crosses_pct,home_crosses_successful,away_crosses_successful,home_crosses_total,away_crosses_total,home_big_chances,away_big_chances,home_duels_won,away_duels_won,home_errors_leading_to_shot,away_errors_leading_to_shot,home_errors_leading_to_goal,away_errors_leading_to_goal,home_accurate_through_passes,away_accurate_through_passes,home_tackles_pct,away_tackles_pct,home_tackles_successful,away_tackles_successful,home_tackles_total,away_tackles_total,home_shots_blocked,away_shots_blocked,home_clearances,away_clearances,home_interceptions,away_interceptions,home_xg,away_xg,home_xgot,away_xgot,home_xa,away_xa,home_xgot_faced,away_xgot_faced,home_goals_prevented,away_goals_prevented
2uLSQBUp,Europa League - League phase,1,"September 26, 2024",10:00 PM,54010,55865,Johan Cruijff Arena,Amsterdam,Ajax,Besiktas,4,0,H,,,,,,,,,,,,,,,,,,,,,,,,,,,,,0,0,0,0,,,,,,,,,,,,,,,,,,,,,,,,,,,,,,,,,,,,,,,,,,,,,,,,,,,,,,,,,,,,,,
CbCpx6eE,Europa League,1/8-finals,"March 06, 2025",10:00 PM,52641,55865,Johan Cruijff Arena,Amsterdam,Ajax,Eintracht Frankfurt,1,2,A,4-3-3,4-4-2,7.1,6.9,12,17,3,5,5,8,9,10,3,7,1,0,1,0,7,4,10,8,17,10,8,10,2,2,2,2,0,0,3,2,52,48,24,28,86,84,435,402,507,480,,,,,,,79,76,96,94,121,124,15,18,4,2,26,11,3,3,,,,,,,,,50,70,5,7,10,10,4,4,28,29,15,10,1.66,1.60,,,,,,,,
IeFhzpQQ,Europa League,1/8-finals,"March 13, 2025",07:45 PM,57500,59500,Deutsche Bank Park,Frankfurt,Eintracht Frankfurt,Ajax,4,1,H,4-2-3-1,4-3-3,7.1,7.1,16,12,9,5,5,6,11,4,5,8,,,0,0,2,6,7,8,10,21,8,7,1,0,0,0,0,0,4,5,53,47,26,18,87,83,498,411,573,498,,,,,,,80,83,133,87,166,105,18,13,3,2,17,16,3,0,,,,,,,,,57,62,12,13,21,21,2,1,26,20,11,14,2.45,0.56,,,,,,,,
AstlYgxB,Europa League - League phase,8,"January 30, 2025",10:00 PM,54100,55865,Johan Cruijff Arena,Amsterdam,Ajax,Galatasaray,2,1,H,4-3-3,4-2-1-3,8.2,7.0,12,28,6,9,5,12,8,19,4,9,,,0,0,2,10,8,16,13,15,16,8,2,3,1,3,0,0,8,4,39,61,20,41,81,87,305,495,375,567,,,,,,,63,80,55,155,88,194,0,20,0,8,15,40,3,2,,,,,,,,,35,91,6,10,17,11,1,7,42,17,16,3,1.44,2.71,,,,,,,,
IV7NjZjM,Europa League,Final,"August 29, 2024",09:00 PM,54010,55865,Johan Cruijff Arena,Amsterdam,Ajax (Ned),Jagiellonia (Pol),3,0,H,4-3-3,4-4-2,6.6,6.8,21,3,9,0,9,3,,,,,,,,,4,1,,,,,15,6,1,0,1,1,0,0,0,6,67,33,,,,,,,,,,,,,,,,,,,,,,,,,,,,,,,,,,,,,,,,,,,3,0,,,,,,,,,,,,,,
dGJEheM9,Europa League,Final,"August 22, 2024",09:45 PM,19553,22432,Chorten Arena,Bialystok,Jagiellonia (Pol),Ajax (Ned),1,4,A,4-4-1-1,4-3-3,6.6,5.5,6,17,1,10,3,4,,,,,,,,,3,6,,,,,3,7,0,0,1,2,0,0,6,0,42,58,,,,,,,,,,,,,,,,,,,,,,,,,,,,,,,,,,,,,,,,,,,2,3,,,,,,,,,,,,,,
QTlyIMUF,Europa League - League phase,6,"December 12, 2024",10:00 PM,50127,55865,Johan Cruijff Arena,Amsterdam,Ajax,Lazio,1,3,A,4-3-3,4-2-3-1,6.0,6.6,16,9,6,6,8,2,15,6,1,3,,,2,0,2,0,18,8,20,14,8,18,2,1,3,3,0,0,3,5,54,46,42,26,85,84,486,413,570,490,,,,,,,68,65,100,68,146,104,27,0,4,0,15,5,5,3,,,,,,,,,59,47,13,7,22,15,2,1,20,17,11,9,2.10,1.55,,,,,,,,
SblXyxwn,Europa League - League phase,4,"November 07, 2024",10:00 PM,53719,55865,Johan Cruijff Arena,Amsterdam,Ajax,Maccabi Tel Aviv,5,0,H,4-3-3,4-3-3,7.3,7.5,19,11,10,3,7,2,,,,,,,,,4,2,15,18,10,15,18,15,1,1,3,3,0,0,3,5,62,38,,,92,86,610,345,660,401,,,,,,,,,,,,,,,,,,,,,,,,,,,,,,,,,,,2,6,,,9,9,3.68,1.02,,,,,,,,
0n5a4Q5d,Europa League,Semi-finals,"August 08, 2024",09:00 PM,24452,75000,- Olympic Stadium of Athens. Game H2H Bracket Summary Stats Lineups Commentary 1st Half 0 - 1 28' 0 - 1 Berghuis S.,Fitz-Jim K.,Panathinaikos (Gre),Ajax (Ned),0,1,A,4-2-3-1,4-3-3,6.4,6.1,11,8,4,3,5,4,,,,,,,,,4,3,,,,,16,16,2,1,5,1,0,0,2,4,48,52,,,,,,,,,,,,,,,,,,,,,,,,,,,,,,,,,,,,,,,,,,,2,1,,,,,,,,,,,,,,
ShcoSTc3,Europa League,Semi-finals,"August 15, 2024",09:15 PM,54089,55865,Johan Cruijff Arena,Amsterdam,Ajax (Ned),Panathinaikos (Gre),1,1,D,4-3-3,4-2-3-1,7.0,6.4,20,10,7,4,9,5,,,,,,,,,6,4,,,,,14,14,3,0,2,7,0,0,3,7,53,47,,,,,,,,,,,,,,,,,,,,,,,,,,,,,,,,,,,,,,,,,,,4,1,,,,,,,,,,,,,,
revdWX6N,Europa League - League phase,3,"October 24, 2024",07:45 PM,27520,31200,- Tofiq Bahramov Stadium. Game Report H2H Standings Summary Stats Lineups Commentary Report Horsemen see reds as Ajax stride to victory 1st Half 0 - 1 15' Romao J.,Tripping,Qarabag,Ajax,0,3,A,4-2-3-1,4-3-3,6.9,5.7,2,14,1,10,0,1,,,,,,,,,3,2,21,11,14,12,11,21,1,4,6,2,2,0,7,1,44,56,,,81,89,339,482,421,540,,,,,,,,,,,,,,,,,,,,,,,,,,,,,,,,,,,1,3,,,9,12,0.09,2.56,,,,,,,,
EFnuzG7b,Europa League - League phase,5,"November 28, 2024",10:00 PM,32786,40000,Reale Arena,San Sebastian,Real Sociedad,Ajax,2,0,H,4-3-3,4-3-3,7.4,7.0,12,12,3,3,6,4,9,6,3,6,,,0,2,5,4,17,20,15,16,20,17,1,1,3,2,0,0,3,1,53,47,27,17,82,81,350,306,426,376,,,,,,,65,72,69,55,106,76,18,38,4,6,22,16,3,2,,,,,,,,,71,63,10,10,14,16,3,5,18,29,7,8,2.04,0.70,,,,,,,,
ETRDlFMi,Europa League - League phase,7,"January 23, 2025",10:00 PM,10233,10461,- Daugavas stadions. Game Report H2H Standings Summary Stats Lineups Commentary Report Adam on the Mark-iev as Ajax stunned in Riga 1st Half 0 - 0 37' Markhiev A.,Holding,RFS,Ajax,1,0,H,3-4-3,4-3-3,7.8,7.5,7,13,2,6,3,6,2,8,5,5,,,1,0,1,5,7,14,13,29,14,7,0,2,3,1,0,0,6,1,30,70,6,15,72,85,218,572,301,671,,,,,,,51,68,37,108,73,160,0,17,0,4,3,23,0,3,,,,,,,,,73,54,16,13,22,24,2,1,40,8,14,8,0.21,0.96,,,,,,,,
tMztEtj3,Europa League,1/16-finals,"February 13, 2025",07:45 PM,10853,50093,- King Baudouin Stadium. Game Report H2H Bracket Summary Stats Lineups Commentary Report Mokio magic moves Ajax to brink of last 16 1st Half 0 - 0 23' Goal Disallowed - offside,David P.,Royale Union SG,Ajax,0,2,A,4-3-3,4-3-3,6.8,6.5,13,10,4,7,5,1,8,4,5,6,,,0,0,6,4,15,10,22,20,10,15,2,1,1,1,0,0,5,4,49,51,19,9,82,80,368,374,451,469,,,,,,,69,64,83,54,120,84,14,20,3,2,21,10,0,2,,,,,,,,,55,69,11,20,20,29,4,2,15,27,6,9,0.61,1.31,,,,,,,,
xlUlCKKF,Europa League,1/16-finals,"February 20, 2025",10:00 PM,51835,55865,Johan Cruijff Arena,Amsterdam,Ajax,Royale Union SG,1,2,A,4-3-3,4-3-3,7.7,6.0,7,34,5,11,1,14,6,23,1,11,0,1,0,0,1,12,21,17,14,31,17,21,1,3,7,6,1,0,9,4,33,67,11,63,70,86,260,613,369,716,,,,,,,54,78,43,205,79,264,18,26,2,12,11,47,2,5,,,,,,,,,48,66,10,19,21,29,1,9,61,34,14,11,1.70,4.29,,,,,,,,
jLZnZK4E,Europa League - League phase,2,"October 03, 2024",07:45 PM,19296,19370,Fortuna Arena,Prague,Slavia Prague,Ajax,1,1,D,3-4-3,4-3-3,6.3,6.7,21,6,8,2,6,4,,,,,,,,,8,3,18,25,,,21,17,4,0,4,7,0,1,1,7,51,49,,,79,76,304,251,385,331,,,,,,,,,,,,,,,,,,,,,,,,,,,,,,,,,,,7,0,,,,,1.49,1.59,,,,,,,,
U7QmQNbt,Europa League,Quarter-finals,"August 01, 2024",09:00 PM,4412,4500,- TSC Arena. First leg result: 0-1. Aggregate: 1-4. Game H2H Bracket Summary Stats Lineups Commentary 1st Half 0 - 0 30' Taylor K.,Roughing,Vojvodina (Srb),Ajax (Ned),1,3,A,4-3-3,4-3-3,5.6,6.1,3,10,1,4,2,3,,,,,,,,,1,9,,,,,6,10,1,1,1,1,0,0,1,0,51,49,,,,,,,,,,,,,,,,,,,,,,,,,,,,,,,,,,,,,,,,,,,0,3,,,,,,,,,,,,,,
jsew6KDO,Europa League,Quarter-finals,"July 25, 2024",09:30 PM,53590,55865,Johan Cruijff Arena,Amsterdam,Ajax (Ned),Vojvodina (Srb),1,0,H,4-3-3,4-3-3,7.4,6.6,17,10,9,3,4,5,,,,,,,,,10,3,,,,,12,14,0,0,3,2,0,0,3,8,61,39,,,,,,,,,,,,,,,,,,,,,,,,,,,,,,,,,,,,,,,,,,,4,2,,,,,,,,,,,,,,
63nAz0v2,Europa League,Final,"August 22, 2024",09:45 PM,,4183,- Mezokovesdi Varosi Stadion. No spectators. Game H2H Bracket Summary Stats Lineups Commentary 1st Half 0 - 1 9' 0 - 1 Augustinsson L.,Rits M.,Din. Minsk (Blr),Anderlecht (Bel),0,1,A,4-3-3,4-4-2,6.9,6.1,12,8,5,5,7,3,,,,,,,,,4,5,,,,,9,3,0,0,4,0,0,0,4,5,33,67,,,,,,,,,,,,,,,,,,,,,,,,,,,,,,,,,,,,,,,,,,,0,0,,,,,,,,,,,,,,
bcZeb3W8,Europa League,Final,"August 29, 2024",09:00 PM,17102,22500,Lotto Park,Anderlecht,Anderlecht (Bel),Din. Minsk (Blr),1,0,H,4-3-1-2,4-3-3,6.6,6.6,18,7,5,0,8,6,,,,,,,,,8,1,,,,,9,7,0,2,1,1,0,0,0,4,67,33,,,,,,,,,,,,,,,,,,,,,,,,,,,,,,,,,,,,,,,,,,,5,1,,,,,,,,,,,,,,
Kd1gtxCs,Europa League - League phase,5,"November 28, 2024",07:45 PM,17717,22500,Lotto Park,Anderlecht,Anderlecht,FC Porto,2,2,D,4-3-3,4-3-3,7.0,6.2,9,12,5,5,4,4,5,8,4,4,,,1,0,7,5,16,7,18,15,7,16,6,2,1,3,0,0,3,3,53,47,13,26,83,80,343,301,413,374,,,,,,,67,71,84,62,125,87,10,33,2,5,20,15,2,1,,,,,,,,,58,42,14,8,24,19,0,3,18,26,12,11,0.91,1.41,,,,,,,,
G27y3Gs2,Europa League,1/16-finals,"February 13, 2025",07:45 PM,34517,50530,Chobani Stadium Fenerbahce Sukru Saracoglu,Istanbul,Fenerbahce,Anderlecht,3,0,H,4-4-2,4-3-3,6.9,6.7,13,15,6,2,5,5,10,7,3,8,2,0,1,0,6,6,11,12,19,15,12,11,4,0,2,1,0,0,2,3,47,53,21,14,85,86,395,434,463,507,,,,,,,73,77,63,91,86,118,23,22,6,6,26,27,3,2,,,,,,,,,74,59,14,10,19,17,2,8,27,30,7,9,1.46,0.63,,,,,,,,
WAkOQJZ8,Europa League,1/16-finals,"February 20, 2025",10:00 PM,13724,22500,Lotto Park,Anderlecht,Anderlecht,Fenerbahce,2,2,D,4-3-3,4-4-2,6.2,6.8,13,8,6,3,5,4,8,6,5,2,0,1,0,0,3,2,12,15,15,18,15,12,1,0,1,3,0,0,1,4,58,42,22,17,86,80,492,339,570,425,,,,,,,75,60,127,53,169,89,18,18,5,2,28,11,2,2,,,,,,,,,55,42,6,5,11,12,2,1,9,30,7,9,2.43,1.26,,,,,,,,
dElSkJ3D,Europa League - League phase,1,"September 25, 2024",10:00 PM,15417,22500,Lotto Park,Anderlecht,Anderlecht,Ferencvaros,2,1,H,4-4-2,4-2-3-1,6.7,7.1,13,9,6,3,4,1,,,,,,,,,3,3,24,13,,,12,25,1,0,4,5,1,0,2,4,59,41,,,88,82,406,288,463,353,,,,,,,,,,,,,,,,,,,,,,,,,,,,,,,,,,,3,5,,,,,1.33,0.77,,,,,,,,
6ijyrEb6,Europa League - League phase,8,"January 30, 2025",10:00 PM,17839,22500,Lotto Park,Anderlecht,Anderlecht,Hoffenheim,3,4,A,4-3-3,3-5-2,5.5,6.7,19,10,6,6,5,4,12,9,7,1,0,1,1,0,7,4,13,7,28,18,7,13,1,1,0,5,0,0,2,3,49,51,48,21,79,78,339,366,431,468,,,,,,,72,60,114,53,159,88,25,44,8,4,32,9,4,3,,,,,,,,,62,62,13,16,21,26,8,0,22,40,9,10,1.36,1.78,,,,,,,,
8MyHT2Mb,Europa League - League phase,3,"October 24, 2024",10:00 PM,18000,22500,Lotto Park,Anderlecht,Anderlecht,Ludogorets,2,0,H,,,,,,,,,,,,,,,,,,,,,,,,,,,,,0,0,0,0,,,,,,,,,,,,,,,,,,,,,,,,,,,,,,,,,,,,,,,,,,,,,,,,,,,,,,,,,,,,,,
IZ1TqFCd,Europa League - League phase,7,"January 23, 2025",07:45 PM,10972,11700,Doosan Arena,Plzen,Plzen,Anderlecht,2,0,H,3-4-2-1,4-3-3,6.8,7.5,12,6,5,2,6,1,9,3,3,3,,,3,0,3,0,6,16,33,21,16,6,4,2,0,0,0,0,2,3,30,70,18,20,61,84,161,514,262,609,,,,,,,57,66,51,89,89,134,40,13,4,2,10,15,3,0,,,,,,,,,65,45,17,9,26,20,1,3,19,20,11,5,1.66,0.50,,,,,,,,
KCH5MBek,Europa League - League phase,2,"October 03, 2024",07:45 PM,30985,40000,Reale Arena,San Sebastian,Real Sociedad,Anderlecht,1,2,A,,,,,,,,,,,,,,,,,,,,,,,,,,,,,0,0,0,0,,,,,,,,,,,,,,,,,,,,,,,,,,,,,,,,,,,,,,,,,,,,,,,,,,,,,,,,,,,,,,
v5WqBCSh,Europa League - League phase,4,"November 07, 2024",10:00 PM,,,,,RFS,Anderlecht,1,1,D,,,,,,,,,,,,,,,,,,,,,,,,,,,,,0,0,0,0,,,,,,,,,,,,,,,,,,,,,,,,,,,,,,,,,,,,,,,,,,,,,,,,,,,,,,,,,,,,,,
WC6xtTHb,Europa League - League phase,6,"December 12, 2024",10:00 PM,19167,19370,Fortuna Arena,Prague,Slavia Prague,Anderlecht,1,2,A,3-4-3,4-4-2,5.5,6.7,20,7,5,2,11,2,13,5,7,2,1,0,0,0,9,1,13,15,28,16,15,13,3,1,2,3,0,0,0,4,63,37,40,7,78,67,391,198,500,294,,,,,,,68,60,133,30,195,50,38,33,15,3,40,9,3,1,,,,,,,,,77,68,10,13,13,19,4,3,3,44,8,10,1.39,0.77,,,,,,,,
8AeNixLq,Europa League,Final,"August 22, 2024",08:00 PM,1678,2300,LNK Sporta Parks,Riga,RFS (Lat),APOEL (Cyp),2,1,H,3-4-1-2,4-3-3,6.8,6.4,9,13,4,3,2,2,,,,,,,,,2,5,,,,,15,15,0,0,2,2,0,0,2,2,44,56,,,,,,,,,,,,,,,,,,,,,,,,,,,,,,,,,,,,,,,,,,,3,8,,,,,,,,,,,,,,
GzaVkGkd,Europa League,Final,"August 29, 2024",08:00 PM,12998,22859,GSP Stadium,Nicosia,APOEL (Cyp),RFS (Lat),2,2,D,4-5-1,3-4-3,6.9,6.4,20,10,7,4,11,6,,,,,,,,,5,4,,,,,13,24,0,1,4,8,0,0,3,5,61,39,,,,,,,,,,,,,,,,,,,,,,,,,,,,,,,,,,,,,,,,,,,2,0,,,,,,,,,,,,,,
6mKKDVMU,Europa League - League phase,1,"September 26, 2024",10:00 PM,63072,70634,Stadio Olimpico,Rome,AS Roma,Ath Bilbao,1,1,D,3-5-2,4-2-3-1,6.5,7.3,4,12,3,2,1,8,,,,,,,,,2,10,15,18,,,12,15,6,0,2,4,0,0,1,2,63,37,,,87,78,526,300,606,386,,,,,,,,,,,,,,,,,,,,,,,,,,,,,,,,,,,0,2,,,,,0.48,0.62,,,,,,,,
G4fRpzvn,Europa League,1/8-finals,"March 06, 2025",10:00 PM,62540,70634,Stadio Olimpico,Rome,AS Roma,Ath Bilbao,2,1,H,3-4-2-1,4-2-3-1,6.3,7.8,12,16,5,1,4,11,10,11,2,5,0,1,1,0,1,3,15,12,20,20,12,15,1,1,1,4,0,1,0,3,59,42,24,17,84,80,467,303,554,378,,,,,,,68,73,79,66,116,90,33,30,4,7,12,23,1,3,,,,,,,,,47,60,8,9,17,15,3,4,14,38,9,9,1.20,1.19,,,,,,,,
lIhZrE8b,Europa League,1/8-finals,"March 13, 2025",07:45 PM,50666,53331,Estadio San Mamés,Bilbao,Ath Bilbao,AS Roma,3,1,H,4-2-3-1,3-4-2-1,6.4,6.8,22,5,8,2,8,2,15,4,7,1,1,0,1,0,9,2,4,11,17,17,11,4,1,2,2,4,0,1,1,5,70,31,45,10,91,68,533,180,586,264,,,,,,,84,52,202,36,240,69,17,20,8,1,46,5,2,1,,,,,,,,,73,59,8,10,11,17,6,1,13,38,9,9,1.84,1.15,,,,,,,,
Kdm4JZhg,Europa League - League phase,7,"January 23, 2025",07:45 PM,18635,19500,AFAS Stadion,Alkmaar,AZ Alkmaar,AS Roma,1,0,H,,,,,,,,,,,,,,,,,,,,,,,,,,,,,0,0,0,0,,,,,,,,,,,,,,,,,,,,,,,,,,,,,,,,,,,,,,,,,,,,,,,,,,,,,,,,,,,,,,
OUgeLeOt,Europa League - League phase,6,"December 12, 2024",07:45 PM,59085,70634,Stadio Olimpico,Rome,AS Roma,Braga,3,0,H,3-4-2-1,4-3-3,6.5,7.7,33,8,17,0,10,5,22,5,11,3,,,1,0,14,5,11,9,23,17,9,11,4,1,1,2,0,1,0,14,53,47,54,17,87,84,401,339,460,404,,,,,,,80,72,107,55,134,76,27,17,6,2,22,12,6,1,,,,,,,,,61,50,11,14,18,28,6,3,23,34,4,8,3.09,0.95,,,,,,,,
hAoCHDN5,Europa League - League phase,3,"October 24, 2024",07:45 PM,61624,70634,Stadio Olimpico,Rome,AS Roma,Dyn. Kyiv,1,0,H,3-4-2-1,3-5-2,6.9,6.9,17,7,5,2,9,4,,,,,,,,,9,2,17,11,19,22,11,17,1,1,1,4,0,0,2,4,61,39,,,86,75,513,283,598,375,,,,,,,,,,,,,,,,,,,,,,,,,,,,,,,,,,,3,1,,,11,17,2.35,0.76,,,,,,,,
ARTL6d9m,Europa League - League phase,8,"January 30, 2025",10:00 PM,64458,70634,Stadio Olimpico,Rome,AS Roma,Eintracht Frankfurt,2,0,H,3-5-2,3-4-2-1,7.0,7.9,15,6,3,2,7,3,10,3,5,3,,,1,0,5,2,15,6,12,14,6,15,1,0,1,0,0,0,2,1,47,53,25,12,91,91,484,552,531,609,,,,,,,79,81,103,108,130,133,41,25,9,3,22,12,3,1,,,,,,,,,73,32,11,6,15,19,5,1,9,24,9,8,1.83,0.35,,,,,,,,
6XsuADVo,Europa League - League phase,2,"October 03, 2024",10:00 PM,11978,16200,Borås Arena,Borås,Elfsborg,AS Roma,1,0,H,,,,,,,,,,,,,,,,,,,,,,,,,,,,,0,0,0,0,,,,,,,,,,,,,,,,,,,,,,,,,,,,,,,,,,,,,,,,,,,,,,,,,,,,,,,,,,,,,,
8YLOlQMi,Europa League,1/16-finals,"February 13, 2025",10:00 PM,37129,50033,Estádio do Dragão,Porto,FC Porto,AS Roma,1,1,D,3-4-3,3-5-2,6.9,6.8,12,15,2,4,7,7,6,11,6,4,,,0,0,4,6,16,8,19,15,8,16,2,4,3,8,0,1,3,1,57,43,18,24,85,83,442,318,517,384,,,,,,,77,73,89,91,116,124,19,39,5,7,27,18,2,3,,,,,,,,,65,33,11,3,17,9,3,4,23,33,4,7,0.75,1.29,,,,,,,,
UmAXn4i4,Europa League,1/16-finals,"February 20, 2025",07:45 PM,55286,70634,Stadio Olimpico,Rome,AS Roma,FC Porto,3,2,H,3-4-2-1,3-4-3,5.4,7.3,19,5,6,1,10,2,15,4,4,1,,,0,1,5,2,9,12,19,14,12,9,3,2,2,5,0,1,0,3,56,44,33,13,90,85,461,361,515,424,,,,,,,85,65,138,45,162,69,30,0,6,0,20,5,7,1,,,,,,,,,75,45,12,10,16,22,3,2,12,19,3,10,2.86,0.59,,,,,,,,
bNGCFihI,Europa League - League phase,4,"November 07, 2024",07:45 PM,13875,50093,- King Baudouin Stadium. Game Report H2H Standings Summary Stats Lineups Commentary Report Mac Allister left home alone to rescue point for Royale 1st Half 0 - 0 4' Shomurodov E.,Tripping,Royale Union SG,AS Roma,1,1,D,3-5-2,3-4-2-1,7.1,8.2,14,11,5,5,6,4,,,,,,,,,5,4,14,22,18,23,22,14,2,2,2,2,0,0,4,4,42,58,,,73,78,260,395,358,507,,,,,,,,,,,,,,,,,,,,,,,,,,,,,,,,,,,3,2,,,11,8,0.83,0.63,,,,,,,,
6gNU4zv0,Europa League - League phase,5,"November 28, 2024",10:00 PM,53378,62850,Tottenham Hotspur Stadium,London,Tottenham,AS Roma,2,2,D,4-3-3,3-4-3,7.2,7.3,24,18,12,7,9,7,19,13,5,5,,,3,1,7,6,9,9,14,17,9,9,0,9,2,1,0,0,5,10,50,50,42,30,84,84,380,361,450,431,,,,,,,73,85,83,119,113,140,24,26,4,9,17,34,5,3,,,,,,,,,60,70,9,14,15,20,3,4,26,21,7,16,3.74,2.29,,,,,,,,
IFBTrK9C,Europa League - League phase,2,"October 03, 2024",10:00 PM,40328,53331,Estadio San Mamés,Bilbao,Ath Bilbao,AZ Alkmaar,2,0,H,4-2-3-1,4-3-3,7.0,7.1,18,5,8,2,8,3,,,,,,,,,4,1,18,9,,,7,12,2,6,1,2,0,0,2,6,54,46,,,82,80,432,346,525,433,,,,,,,,,,,,,,,,,,,,,,,,,,,,,,,,,,,2,0,,,,,1.81,0.32,,,,,,,,
dpLdoSm1,Europa League - League phase,7,"January 22, 2025",05:30 PM,35980,42684,Besiktas Park,Istanbul,Besiktas,Ath Bilbao,4,1,H,4-2-3-1,4-2-3-1,6.9,6.8,11,11,9,4,2,6,8,7,3,3,,,0,0,4,1,15,15,10,16,15,15,3,0,3,0,0,0,3,5,47,53,18,15,83,82,353,387,427,470,,,,,,,74,66,71,72,96,109,17,15,1,3,6,20,6,2,,,,,,,,,57,60,13,12,23,20,0,1,18,6,8,6,2.92,1.06,,,,,,,,
Q16AdDDa,Europa League - League phase,5,"November 28, 2024",07:45 PM,46325,53331,Estadio San Mamés,Bilbao,Ath Bilbao,Elfsborg,3,0,H,4-2-3-1,3-4-3,6.4,7.9,19,2,6,0,9,1,14,2,5,0,1,0,0,0,10,0,13,13,23,21,13,13,0,2,1,1,0,0,0,3,70,30,34,10,89,75,579,211,647,280,,,,,,,80,51,122,29,153,57,26,0,9,0,34,6,3,1,,,,,,,,,64,62,14,16,22,26,4,1,13,32,5,13,1.43,0.27,,,,,,,,
lUMxu2ke,Europa League - League phase,6,"December 11, 2024",05:30 PM,35263,50530,Chobani Stadium Fenerbahce Sukru Saracoglu,Istanbul,Fenerbahce,Ath Bilbao,0,2,A,4-2-3-1,4-2-3-1,6.3,6.8,4,9,1,5,2,4,2,7,2,2,,,0,0,5,3,21,12,16,14,12,21,4,2,3,3,1,0,3,1,53,47,18,17,80,79,430,378,540,479,,,,,,,59,73,74,98,125,135,22,38,4,5,18,13,0,3,,,,,,,,,63,35,15,6,24,17,1,0,15,31,15,9,0.38,1.40,,,,,,,,
0dY8VOin,Europa League - League phase,4,"November 07, 2024",07:45 PM,9725,10423,Huvepharma Arena,Razgrad,Ludogorets,Ath Bilbao,1,2,A,4-3-3,4-2-3-1,6.7,6.6,9,19,2,7,5,10,,,,,,,,,3,6,17,15,14,20,15,17,5,0,3,4,0,0,5,1,40,60,,,73,78,235,370,323,472,,,,,,,,,,,,,,,,,,,,,,,,,,,,,,,,,,,2,2,,,13,7,0.58,1.66,,,,,,,,
b3blVXsJ,Europa League,Semi-finals,"May 08, 2025",10:00 PM,73298,75635,Old Trafford,Manchester,Manchester Utd,Ath Bilbao,4,1,H,3-4-3,4-2-3-1,6.1,7.0,11,11,5,1,2,5,7,4,4,7,,,0,0,0,2,17,10,18,23,10,17,2,0,3,4,0,0,0,1,51,49,26,19,78,81,354,329,453,406,36,51,19,28,53,55,67,70,89,74,133,106,60,15,3,4,5,27,2,0,77,43,3,0,0,1,1,0,71,50,17,7,24,14,4,5,35,23,8,21,2.19,0.81,2.14,0.06,0.91,0.52,0.06,2.14,-0.94,-1.86
xlAuXgD6,Europa League,Semi-finals,"May 01, 2025",10:00 PM,51980,53331,Estadio San Mamés,Bilbao,Ath Bilbao,Manchester Utd,0,3,A,4-2-3-1,3-4-3,6.2,5.7,9,14,3,7,5,5,5,9,4,5,0,1,0,2,4,5,7,19,11,11,19,7,0,4,3,3,1,0,4,3,27,73,14,30,71,89,161,563,228,631,47,61,22,28,47,46,53,74,41,105,77,142,17,44,3,8,18,18,2,5,36,61,0,3,0,0,0,1,61,67,11,12,18,18,1,2,16,22,10,7,1.11,2.55,0.61,3.39,0.50,1.05,3.39,0.61,0.39,0.61
ATlF7I43,Europa League - League phase,8,"January 30, 2025",10:00 PM,45471,53331,Estadio San Mamés,Bilbao,Ath Bilbao,Plzen,3,1,H,4-2-3-1,3-4-2-1,6.3,7.7,19,8,8,2,4,1,15,4,4,4,,,0,0,7,1,9,11,22,20,11,9,1,3,2,2,0,1,1,5,58,42,31,18,85,76,416,280,491,368,,,,,,,71,59,98,63,139,107,40,13,8,1,20,8,3,1,,,,,,,,,55,58,12,15,22,26,7,5,35,24,4,11,2.15,0.58,,,,,,,,
jP3EYk0f,Europa League,Quarter-finals,"April 10, 2025",09:00 PM,49922,51587,Ibrox Stadium,Glasgow,Rangers,Ath Bilbao,0,0,D,3-4-3,4-2-3-1,7.5,7.1,4,19,0,3,4,8,2,18,3,1,,,0,0,2,9,12,6,8,21,6,12,2,3,1,3,1,0,3,0,29,71,5,40,64,90,142,477,223,532,19,64,10,23,53,36,41,79,19,158,46,199,50,24,3,8,6,33,1,1,51,37,0,0,0,0,0,0,45,75,9,6,20,8,0,8,41,25,4,4,0.16,2.37,0.00,1.75,0.24,1.37,1.75,0.00,1.75,0.00
pOdNWTU6,Europa League,Quarter-finals,"April 17, 2025",09:00 PM,52114,53331,Estadio San Mamés,Bilbao,Ath Bilbao,Rangers,2,0,H,4-2-3-1,3-4-2-1,7.0,7.8,22,7,4,2,8,4,14,3,8,4,1,0,0,1,6,3,9,15,22,14,15,9,1,0,1,3,0,0,2,2,56,44,40,8,82,79,381,294,463,371,59,56,26,39,44,70,71,57,112,52,157,91,27,15,7,2,26,13,4,2,48,45,0,1,0,0,0,0,83,54,10,7,12,13,10,1,24,33,11,12,2.70,0.37,1.55,0.47,1.51,0.24,0.47,1.55,0.47,-0.46
4Q4pv7nB,Europa League - League phase,3,"October 24, 2024",10:00 PM,47776,53331,Estadio San Mamés,Bilbao,Ath Bilbao,Slavia Prague,1,0,H,4-2-3-1,3-4-3,8.0,7.0,6,14,3,6,0,6,,,,,,,,,0,8,15,16,22,23,16,15,0,2,2,2,0,0,6,2,39,61,,,75,82,228,371,306,454,,,,,,,,,,,,,,,,,,,,,,,,,,,,,,,,,,,3,2,,,9,12,0.17,1.07,,,,,,,,
MmIKptu0,Europa League - League phase,1,"September 25, 2024",07:45 PM,16371,19500,AFAS Stadion,Alkmaar,AZ Alkmaar,Elfsborg,3,2,H,4-3-3,3-4-3,5.9,7.2,16,3,8,2,4,0,,,,,,,,,7,0,18,15,,,12,15,2,3,2,2,0,1,0,5,64,36,,,86,72,553,212,646,295,,,,,,,,,,,,,,,,,,,,,,,,,,,,,,,,,,,4,1,,,,,2.47,0.16,,,,,,,,
CMWEDMeK,Europa League - League phase,4,"November 07, 2024",10:00 PM,15383,19500,AFAS Stadion,Alkmaar,AZ Alkmaar,Fenerbahce,3,1,H,4-3-3,4-3-3,7.4,7.2,11,11,3,6,4,2,,,,,,,,,5,3,12,15,21,15,15,12,2,0,2,6,0,0,5,0,47,53,,,83,81,369,407,443,501,,,,,,,,,,,,,,,,,,,,,,,,,,,,,,,,,,,4,3,,,5,7,2.83,2.32,,,,,,,,
INyTKw3m,Europa League - League phase,8,"January 30, 2025",10:00 PM,,,,,Ferencvaros,AZ Alkmaar,4,3,H,,,,,,,,,,,,,,,,,,,,,,,,,,,,,0,0,0,0,,,,,,,,,,,,,,,,,,,,,,,,,,,,,,,,,,,,,,,,,,,,,,,,,,,,,,,,,,,,,,
8fca136c,Europa League,1/16-finals,"February 20, 2025",07:45 PM,37343,53978,Rams Park,Istanbul,Galatasaray,AZ Alkmaar,2,2,D,,,,,,,,,,,,,,,,,,,,,,,,,,,,,0,0,0,0,,,,,,,,,,,,,,,,,,,,,,,,,,,,,,,,,,,,,,,,,,,,,,,,,,,,,,,,,,,,,,
UBhKw0Ej,Europa League,1/16-finals,"February 13, 2025",10:00 PM,14092,19500,AFAS Stadion,Alkmaar,AZ Alkmaar,Galatasaray,4,1,H,,,,,,,,,,,,,,,,,,,,,,,,,,,,,0,0,0,0,,,,,,,,,,,,,,,,,,,,,,,,,,,,,,,,,,,,,,,,,,,,,,,,,,,,,,,,,,,,,,
p8OthOnQ,Europa League - League phase,5,"November 28, 2024",07:45 PM,,,,,AZ Alkmaar,Galatasaray,1,1,D,,,,,,,,,,,,,,,,,,,,,,,,,,,,,0,0,0,0,,,,,,,,,,,,,,,,,,,,,,,,,,,,,,,,,,,,,,,,,,,,,,,,,,,,,,,,,,,,,,
lzKCn2Am,Europa League - League phase,6,"December 12, 2024",07:45 PM,4245,10423,Huvepharma Arena,Razgrad,Ludogorets,AZ Alkmaar,2,2,D,,,,,,,,,,,,,,,,,,,,,,,,,,,,,0,0,0,0,,,,,,,,,,,,,,,,,,,,,,,,,,,,,,,,,,,,,,,,,,,,,,,,,,,,,,,,,,,,,,
6LmtRumD,Europa League,1/8-finals,"March 06, 2025",07:45 PM,18281,19500,AFAS Stadion,Alkmaar,AZ Alkmaar,Tottenham,1,0,H,4-3-3,4-3-3,6.5,7.6,12,7,5,1,4,4,10,2,2,5,,,0,0,7,2,12,14,20,21,14,12,1,0,3,1,0,0,1,4,38,62,28,13,75,87,264,510,354,583,,,,,,,65,81,99,117,153,145,36,30,5,3,14,10,4,1,,,,,,,,,52,42,15,8,29,19,3,2,21,38,5,9,1.61,0.44,,,,,,,,
dlaiYdft,Europa League,1/8-finals,"March 13, 2025",10:00 PM,58302,62850,Tottenham Hotspur Stadium,London,Tottenham,AZ Alkmaar,3,1,H,4-3-3,4-3-3,6.5,7.1,17,10,4,2,6,5,10,8,7,2,,,0,0,5,2,12,6,16,25,6,12,1,2,0,1,0,0,1,1,60,40,39,16,84,75,443,265,529,352,,,,,,,76,57,117,54,154,94,18,55,4,6,22,11,3,3,,,,,,,,,45,50,5,11,11,22,7,3,12,34,13,9,2.23,1.19,,,,,,,,
nqwpG0aS,Europa League - League phase,3,"October 24, 2024",10:00 PM,53438,62850,Tottenham Hotspur Stadium,London,Tottenham,AZ Alkmaar,1,0,H,4-3-3,4-3-3,7.3,6.7,16,9,5,3,3,3,,,,,,,,,6,4,17,13,16,16,13,17,5,2,0,5,0,1,3,4,59,41,,,87,80,501,318,575,399,,,,,,,,,,,,,,,,,,,,,,,,,,,,,,,,,,,8,3,,,5,14,1.87,0.41,,,,,,,,
jPHlicKM,Europa League - League phase,6,"December 12, 2024",10:00 PM,5813,8270,Aspmyra Stadion,Bodø,Bodo/Glimt,Besiktas,2,1,H,4-3-3,4-2-3-1,7.0,7.0,16,14,4,4,3,6,15,11,1,3,,,0,0,11,6,9,10,8,14,10,9,0,2,1,2,0,0,3,2,59,41,63,21,87,81,498,315,575,391,,,,,,,76,71,145,70,190,98,30,10,6,1,20,10,2,2,,,,,,,,,65,76,11,13,17,17,9,4,24,24,13,16,1.81,1.31,,,,,,,,
Igd6MsL8,Europa League - League phase,2,"October 03, 2024",10:00 PM,35305,42684,Besiktas Park,Istanbul,Besiktas,Eintracht Frankfurt,1,3,A,4-2-3-1,4-4-2,5.6,6.9,28,11,11,5,8,5,,,,,,,,,11,1,13,10,,,10,10,1,3,3,2,0,0,2,10,62,38,,,86,77,503,246,587,318,,,,,,,,,,,,,,,,,,,,,,,,,,,,,,,,,,,9,1,,,,,1.94,2.15,,,,,,,,
WUDvgM0n,Europa League,Final,"August 22, 2024",09:30 PM,5270,10000,- Stockhorn Arena. Game H2H Bracket Summary Stats Lineups Commentary 1st Half 1 - 1 21' 0 - 1 Fernandes G.,Gabriel Paulista,Lugano (Sui),Besiktas (Tur),3,3,D,4-3-3,4-2-3-1,6.4,6.4,10,8,5,6,4,2,,,,,,,,,2,6,,,,,9,7,0,0,2,2,0,0,3,2,48,52,,,,,,,,,,,,,,,,,,,,,,,,,,,,,,,,,,,,,,,,,,,1,0,,,,,,,,,,,,,,
veHni0Vb,Europa League,Final,"August 29, 2024",09:00 PM,35370,42684,Besiktas Park,Istanbul,Besiktas (Tur),Lugano (Sui),5,1,H,4-2-3-1,4-3-3,7.1,6.3,20,10,11,4,2,3,,,,,,,,,4,5,,,,,12,10,0,1,3,2,0,0,3,6,44,56,,,,,,,,,,,,,,,,,,,,,,,,,,,,,,,,,,,,,,,,,,,7,3,,,,,,,,,,,,,,
E5J0sSk5,Europa League - League phase,3,"October 24, 2024",10:00 PM,27350,59186,Parc Olympique Lyonnais,Lyon,Lyon,Besiktas,0,1,A,4-3-3,4-2-3-1,6.8,6.9,30,12,9,5,10,4,,,,,,,,,8,0,11,7,15,14,7,11,5,1,2,6,0,0,4,9,58,42,,,85,79,469,317,549,399,,,,,,,,,,,,,,,,,,,,,,,,,,,,,,,,,,,11,3,,,5,14,2.83,1.82,,,,,,,,
bwedQauQ,Europa League - League phase,5,"November 28, 2024",07:45 PM,,20340,Nagyerdei Stadion,Debrecen,Besiktas,Maccabi Tel Aviv,1,3,A,4-2-3-1,4-3-3,7.1,6.2,11,19,3,10,3,7,8,15,3,4,,,0,0,2,7,10,12,18,14,12,10,1,2,3,2,0,0,7,2,59,41,30,34,84,77,447,277,532,361,,,,,,,71,73,98,101,139,138,14,33,1,4,7,12,2,3,,,,,,,,,64,57,14,8,22,14,5,2,19,14,9,5,1.83,2.96,,,,,,,,
zZSXPKLN,Europa League - League phase,4,"November 06, 2024",05:30 PM,24652,42684,Besiktas Park,Istanbul,Besiktas,Malmo FF,2,1,H,4-2-3-1,3-4-2-1,7.8,8.4,14,16,5,8,6,4,,,,,,,,,2,3,9,7,13,22,7,9,0,0,3,2,0,0,7,3,53,47,,,86,83,454,378,528,456,,,,,,,,,,,,,,,,,,,,,,,,,,,,,,,,,,,3,4,,,17,8,0.91,2.31,,,,,,,,
6T7liIyK,Europa League - League phase,8,"January 30, 2025",10:00 PM,28500,30000,De Grolsch Veste,Enschede,Twente,Besiktas,1,0,H,4-2-1-3,4-2-3-1,7.1,7.8,22,8,2,3,13,3,17,6,5,2,,,1,0,11,5,12,10,19,12,10,12,4,0,1,4,0,0,3,1,49,51,36,10,85,79,375,375,443,472,,,,,,,80,55,99,53,124,97,17,25,5,3,29,12,3,0,,,,,,,,,58,69,14,11,24,16,7,2,20,29,6,10,2.34,0.62,,,,,,,,
x6oiBQVj,Europa League - League phase,3,"October 23, 2024",05:30 PM,8253,30286,Estádio Municipal de Braga,Braga,Braga,Bodo/Glimt,1,2,A,4-3-3,4-3-3,5.8,6.2,20,13,11,3,5,8,,,,,,,,,9,2,11,15,19,17,15,11,0,4,4,2,1,0,1,10,52,48,,,86,87,474,444,548,510,,,,,,,,,,,,,,,,,,,,,,,,,,,,,,,,,,,4,2,,,11,9,2.37,0.88,,,,,,,,
AoYzOfdD,Europa League - League phase,1,"September 25, 2024",07:45 PM,7587,8270,Aspmyra Stadion,Bodø,Bodo/Glimt,FC Porto,3,2,H,4-3-3,4-3-3,7.4,6.8,11,29,7,8,3,14,,,,,,,,,2,9,8,11,,,8,8,3,0,3,2,1,0,6,4,44,56,,,85,88,334,577,392,652,,,,,,,,,,,,,,,,,,,,,,,,,,,,,,,,,,,1,7,,,,,1.64,2.28,,,,,,,,
d4qHTa8T,Europa League,Quarter-finals,"April 17, 2025",09:00 PM,54873,70634,Stadio Olimpico,Rome,Lazio,Bodo/Glimt,3,2,H,4-2-3-1,4-3-3,8.3,7.3,32,12,11,8,12,1,27,8,5,4,1,1,1,0,15,3,15,14,34,23,14,15,9,0,3,7,0,1,7,8,53,47,79,25,84,79,468,403,554,507,61,29,45,16,74,56,76,69,172,85,225,123,31,22,15,2,48,9,4,3,69,62,1,0,0,0,0,0,63,74,15,17,24,23,9,3,23,62,11,7,3.03,1.42,2.85,2.09,3.23,1.65,2.09,2.85,1.09,-0.15
lvt9VLwH,Europa League,Quarter-finals,"April 10, 2025",06:45 PM,8124,8270,Aspmyra Stadion,Bodø,Bodo/Glimt,Lazio,2,0,H,4-3-3,4-2-3-1,6.8,7.4,18,6,6,1,6,4,16,3,2,3,,,0,0,1,4,13,9,14,18,9,13,0,3,0,3,0,0,1,4,58,42,46,14,90,82,560,360,624,440,50,53,11,39,22,73,80,73,132,67,164,92,33,10,2,1,6,10,5,0,49,33,0,0,0,0,2,1,81,60,13,9,16,15,6,1,20,13,12,15,2.88,0.34,2.58,0.28,2.57,0.73,0.28,2.58,0.28,0.38
AHE14II6,Europa League - League phase,7,"January 23, 2025",07:45 PM,3989,8270,Aspmyra Stadion,Bodø,Bodo/Glimt,Maccabi Tel Aviv,3,1,H,4-3-3,4-3-3,6.8,7.1,14,5,5,3,4,1,10,5,4,0,1,0,1,0,4,1,6,6,16,16,6,6,3,1,1,2,0,0,2,2,71,29,36,12,91,79,653,233,714,296,,,,,,,81,74,171,40,210,54,35,75,8,3,23,4,7,2,,,,,,,,,53,69,8,11,15,16,5,1,9,34,10,5,2.90,0.70,,,,,,,,
dzIo75Gc,Europa League - League phase,5,"November 28, 2024",10:00 PM,72985,75635,Old Trafford,Manchester,Manchester Utd,Bodo/Glimt,3,2,H,3-4-3,4-3-3,6.7,8.2,20,7,6,4,8,2,14,4,6,3,,,1,0,2,1,7,7,14,11,7,7,0,1,2,1,0,0,2,3,72,28,47,12,92,77,723,229,787,299,,,,,,,83,56,200,31,242,55,13,0,2,0,15,2,4,1,,,,,,,,,62,94,13,16,21,17,6,1,9,23,9,6,2.95,0.77,,,,,,,,
M78Koyrp,Europa League - League phase,8,"January 30, 2025",10:00 PM,4294,36178,Allianz Riviera,Nice,Nice,Bodo/Glimt,1,1,D,5-3-2,4-3-3,7.7,7.1,16,18,3,7,6,6,5,10,11,8,,,0,1,5,8,5,10,24,14,10,5,1,0,4,0,0,0,6,2,45,55,23,26,86,85,369,450,428,531,,,,,,,72,72,72,80,100,111,7,36,1,5,14,14,1,1,,,,,,,,,50,54,11,15,22,28,7,5,15,23,10,5,1.04,0.89,,,,,,,,
WtM8ShOH,Europa League,1/8-finals,"March 06, 2025",10:00 PM,8050,8270,Aspmyra Stadion,Bodø,Bodo/Glimt,Olympiacos Piraeus,3,0,H,4-3-3,4-2-3-1,7.8,7.5,9,18,6,5,2,9,7,14,2,4,,,1,0,8,7,6,8,21,28,8,6,3,0,0,2,0,0,5,3,48,53,18,37,79,82,323,340,409,417,,,,,,,73,72,60,121,82,169,27,23,3,9,11,39,3,4,,,,,,,,,58,68,18,13,31,19,1,4,54,12,10,9,2.23,1.99,,,,,,,,
v7PGQWhU,Europa League,1/8-finals,"March 13, 2025",07:45 PM,31850,33296,Georgios Karaiskakis Stadium,Piraeus,Olympiacos Piraeus,Bodo/Glimt,2,1,H,4-2-3-1,4-3-3,5.2,7.2,27,2,9,1,8,0,20,1,7,1,,,0,0,11,0,13,12,23,17,12,13,4,2,3,3,1,0,0,7,69,31,52,7,87,66,450,167,515,252,,,,,,,81,46,183,26,226,57,31,100,17,1,55,1,5,1,,,,,,,,,76,55,19,11,25,20,10,1,22,47,7,4,2.98,0.46,,,,,,,,
UV4G5dZF,Europa League - League phase,4,"November 07, 2024",07:45 PM,6011,8270,Aspmyra Stadion,Bodø,Bodo/Glimt,Qarabag,1,2,A,4-3-3,4-2-3-1,6.6,6.7,23,10,7,6,7,4,,,,,,,,,10,3,10,11,28,18,11,10,6,1,1,2,0,0,4,6,55,45,,,84,78,395,306,469,392,,,,,,,,,,,,,,,,,,,,,,,,,,,,,,,,,,,9,0,,,10,7,2.76,0.74,,,,,,,,
SCFyquR9,Europa League - League phase,2,"October 03, 2024",10:00 PM,5576,50093,- King Baudouin Stadium. Game Report H2H Standings Summary Stats Lineups Commentary Report Wasteful Saint-Gilloise held by Bodo/Glimt 1st Half 0 - 0 22' Bjortuft O. L.,Roughing,Royale Union SG,Bodo/Glimt,0,0,D,4-3-2-1,4-3-2-1,6.7,7.9,21,9,2,1,11,2,,,,,,,,,4,2,11,14,,,11,9,3,2,3,2,0,0,1,2,46,54,,,85,82,377,424,441,515,,,,,,,,,,,,,,,,,,,,,,,,,,,,,,,,,,,8,6,,,,,1.26,1.32,,,,,,,,
Is88zTJb,Europa League,Semi-finals,"May 08, 2025",10:00 PM,8030,8270,Aspmyra Stadion,Bodø,Bodo/Glimt,Tottenham,0,2,A,4-3-3,4-3-3,5.8,6.7,7,8,2,3,3,3,3,5,4,3,,,0,0,3,8,10,8,29,32,8,10,1,1,1,2,0,0,1,2,69,31,14,17,86,73,518,188,600,257,55,40,29,22,53,55,70,48,85,32,122,67,25,29,3,6,12,21,1,2,43,46,0,0,0,0,1,0,75,65,15,13,20,20,2,2,29,24,4,14,0.43,0.77,0.17,0.86,0.85,0.38,0.86,0.17,-1.14,0.17
OrFaxkkn,Europa League,Semi-finals,"May 01, 2025",10:00 PM,61327,62850,Tottenham Hotspur Stadium,London,Tottenham,Bodo/Glimt,3,1,H,4-2-3-1,4-3-3,6.2,7.5,24,3,7,1,8,1,20,3,4,0,1,0,0,0,13,1,7,12,10,9,12,7,2,0,1,2,0,0,0,4,42,58,42,7,82,87,288,450,353,520,53,42,21,18,40,43,63,63,51,45,81,72,38,17,9,1,24,6,4,0,38,37,0,1,0,0,2,0,64,80,9,8,14,10,9,1,14,19,10,7,3.06,0.26,2.91,0.58,1.66,0.31,0.58,2.91,-0.42,-0.09
Uo9T4xDk,Europa League,1/16-finals,"February 20, 2025",07:45 PM,6417,8270,Aspmyra Stadion,Bodø,Bodo/Glimt,Twente,5,2,H,4-3-3,4-2-3-1,6.1,6.4,15,10,8,2,2,4,9,7,5,3,,,0,1,9,4,10,9,26,26,9,10,3,3,1,3,0,0,0,3,72,28,54,11,89,71,820,250,919,350,,,,,,,75,52,145,48,193,93,29,19,6,3,21,16,6,2,,,,,,,,,44,68,11,21,25,31,5,4,49,33,8,15,2.05,1.18,,,,,,,,
pEXdAbkS,Europa League,1/16-finals,"February 13, 2025",10:00 PM,29500,30000,De Grolsch Veste,Enschede,Twente,Bodo/Glimt,2,1,H,4-2-1-3,4-3-3,6.4,7.7,14,6,7,2,5,3,9,3,5,3,,,1,0,3,0,9,12,21,13,12,9,0,1,2,3,0,0,1,5,45,55,20,23,83,90,355,490,428,544,,,,,,,77,85,88,120,115,142,21,0,4,0,19,4,1,0,,,,,,,,,73,59,19,13,26,22,2,1,14,35,5,8,1.57,0.45,,,,,,,,
QBwTOJ25,Europa League,Final,"August 29, 2024",10:00 PM,7833,10030,Gradski stadion Banja Luka,Banja Luka,Borac Banja Luka (Bih),Ferencvaros (Hun),1,2,A,4-2-3-1,4-2-1-3,6.3,6.0,8,16,4,3,1,7,,,,,,,,,4,7,,,,,15,16,0,0,4,5,0,0,2,3,39,61,,,,,,,,,,,,,,,,,,,,,,,,,,,,,,,,,,,,,,,,,,,3,6,,,,,,,,,,,,,,
UqpKQuYh,Europa League,Final,"August 22, 2024",10:00 PM,13167,22000,Groupama Arena,Budapest,Ferencvaros (Hun),Borac Banja Luka (Bih),0,0,D,4-2-1-3,4-2-3-1,7.0,6.6,13,6,6,2,6,3,,,,,,,,,6,1,,,,,11,8,2,1,1,3,0,0,2,6,68,32,,,,,,,,,,,,,,,,,,,,,,,,,,,,,,,,,,,,,,,,,,,1,1,,,,,,,,,,,,,,
drMJ2Z2s,Europa League,Semi-finals,"August 08, 2024",08:00 PM,1301,6500,- Tórsvøllur. Game H2H Bracket Summary Stats Lineups Commentary 1st Half 2 - 1 10' 1 - 0 Klettskard P. 31' 1 - 1 Jensen M.,Own goal,Klaksvik (Fai),Borac Banja Luka (Bih),2,1,H,3-4-3,4-2-3-1,6.1,6.5,10,2,5,0,2,1,,,,,,,,,7,2,,,,,14,8,0,1,2,2,0,1,0,3,67,33,,,,,,,,,,,,,,,,,,,,,,,,,,,,,,,,,,,,,,,,,,,3,1,,,,,,,,,,,,,,
ljvR0DXg,Europa League,Semi-finals,"August 15, 2024",10:00 PM,5800,10030,Gradski stadion Banja Luka,Banja Luka,Borac Banja Luka (Bih),Klaksvik (Fai),3,1,H,4-2-3-1,3-4-3,6.3,6.6,21,8,10,1,6,4,,,,,,,,,11,6,,,,,12,10,3,0,3,5,0,0,0,7,56,44,,,,,,,,,,,,,,,,,,,,,,,,,,,,,,,,,,,,,,,,,,,5,3,,,,,,,,,,,,,,
8vypHaCl,Europa League,1/8-finals,"July 18, 2024",09:15 PM,8124,11709,Ljudski vrt,Maribor,Maribor (Slo),Botev Plovdiv (Bul),2,2,D,4-2-3-1,4-2-3-1,6.5,6.2,20,12,4,4,11,3,,,,,,,,,11,2,,,,,5,14,1,0,0,4,0,0,2,2,60,40,,,,,,,,,,,,,,,,,,,,,,,,,,,,,,,,,,,,,,,,,,,5,5,,,,,,,,,,,,,,
xdpEMLlR,Europa League,1/8-finals,"July 11, 2024",09:00 PM,16318,18777,Stadion Hristo Botev,Plovdiv,Botev Plovdiv (Bul),Maribor (Slo),2,1,H,4-2-3-1,4-2-3-1,7.1,6.1,15,13,4,4,7,7,,,,,,,,,5,5,,,,,15,6,1,2,3,3,0,0,3,2,50,50,,,,,,,,,,,,,,,,,,,,,,,,,,,,,,,,,,,,,,,,,,,4,2,,,,,,,,,,,,,,
Yqcveg0K,Europa League,Quarter-finals,"August 01, 2024",09:00 PM,17076,18777,Stadion Hristo Botev,Plovdiv,Botev Plovdiv (Bul),Panathinaikos (Gre),0,4,A,4-2-3-1,4-2-3-1,5.4,5.3,8,14,4,5,1,5,,,,,,,,,3,4,,,,,13,7,3,3,4,1,0,0,1,4,48,52,,,,,,,,,,,,,,,,,,,,,,,,,,,,,,,,,,,,,,,,,,,3,4,,,,,,,,,,,,,,
tjAhXk8D,Europa League,Quarter-finals,"July 25, 2024",09:00 PM,11236,75000,Olympic Stadium of Athens,Athens,Panathinaikos (Gre),Botev Plovdiv (Bul),2,1,H,4-2-3-1,4-2-3-1,7.3,6.7,15,5,4,5,8,0,,,,,,,,,8,4,,,,,8,19,2,0,1,3,0,0,4,2,53,47,,,,,,,,,,,,,,,,,,,,,,,,,,,,,,,,,,,,,,,,,,,3,0,,,,,,,,,,,,,,
CrQgVoNM,Europa League - League phase,4,"November 07, 2024",07:45 PM,9402,16200,Borås Arena,Borås,Elfsborg,Braga,1,1,D,3-4-3,4-3-3,6.5,7.0,7,11,3,2,3,4,,,,,,,,,3,6,8,13,17,17,13,8,2,0,2,2,0,0,2,2,37,63,,,68,81,253,519,371,639,,,,,,,,,,,,,,,,,,,,,,,,,,,,,,,,,,,1,5,,,21,8,0.63,1.18,,,,,,,,
QRRoX7hA,Europa League - League phase,5,"November 28, 2024",10:00 PM,10010,30286,Estádio Municipal de Braga,Braga,Braga,Hoffenheim,3,0,H,4-3-3,4-1-2-1,7.8,7.0,9,15,5,4,0,6,5,7,4,8,,,0,0,1,9,13,9,19,18,9,13,1,6,0,1,0,0,4,2,45,55,9,22,79,84,339,420,429,499,,,,,,,72,71,59,80,82,113,0,21,0,6,1,29,1,2,,,,,,,,,50,53,6,10,12,19,4,5,30,9,11,8,0.48,0.78,,,,,,,,
Yy3O8w9a,Europa League - League phase,8,"January 30, 2025",10:00 PM,10438,30286,Estádio Municipal de Braga,Braga,Braga,Lazio,1,0,H,4-3-3,4-2-3-1,7.5,7.7,8,12,4,4,2,4,5,6,3,6,,,0,0,4,7,15,13,16,23,13,15,1,5,0,1,0,0,4,3,50,50,17,22,87,87,445,435,510,501,,,,,,,74,68,91,76,123,112,24,28,4,7,17,25,2,0,,,,,,,,,62,41,13,7,21,17,2,4,26,29,11,10,0.67,0.83,,,,,,,,
tUSme3a6,Europa League,Quarter-finals,"July 25, 2024",10:30 PM,14891,30286,Estádio Municipal de Braga,Braga,Braga (Por),Maccabi Petah Tikva (Isr),2,0,H,4-3-3,5-3-2,6.6,6.5,20,3,9,0,5,2,,,,,,,,,11,1,,,,,3,16,2,2,1,4,0,0,0,7,65,35,,,,,,,,,,,,,,,,,,,,,,,,,,,,,,,,,,,,,,,,,,,6,1,,,,,,,,,,,,,,
xdMdgsUI,Europa League,Quarter-finals,"August 01, 2024",08:30 PM,211,17688,- Vivacom Arena Georgi Asparuhov. First leg result: 0-2. Aggregate: 0-7. Game H2H Bracket Summary Stats Lineups Commentary 1st Half 0 - 3 6' Marin A.,Roughing,Maccabi Petah Tikva (Isr),Braga (Por),0,5,A,5-3-2,4-3-3,4.8,6.8,3,6,1,4,2,2,,,,,,,,,3,4,,,,,10,11,1,1,3,1,0,0,0,1,42,58,,,,,,,,,,,,,,,,,,,,,,,,,,,,,,,,,,,,,,,,,,,0,0,,,,,,,,,,,,,,
l6vjl6S8,Europa League - League phase,1,"September 26, 2024",10:00 PM,10519,30286,Estádio Municipal de Braga,Braga,Braga,Maccabi Tel Aviv,2,1,H,4-3-3,3-5-2,6.2,6.9,30,10,9,1,11,6,,,,,,,,,8,2,17,9,,,10,12,0,3,3,5,0,2,0,7,49,51,,,86,83,456,353,532,426,,,,,,,,,,,,,,,,,,,,,,,,,,,,,,,,,,,10,3,,,,,2.63,1.41,,,,,,,,
pUJWzBAr,Europa League - League phase,2,"October 03, 2024",07:45 PM,30301,33296,Georgios Karaiskakis Stadium,Piraeus,Olympiacos Piraeus,Braga,3,0,H,4-2-3-1,4-3-3,7.6,7.7,15,10,6,5,5,3,,,,,,,,,5,4,14,17,,,10,12,6,2,3,2,0,0,5,3,51,49,,,77,78,312,353,405,455,,,,,,,,,,,,,,,,,,,,,,,,,,,,,,,,,,,4,2,,,,,1.82,0.96,,,,,,,,
I9jAaUMP,Europa League,Final,"August 29, 2024",10:00 PM,21400,28600,Allianz Stadion,Vienna,SK Rapid (Aut),Braga (Por),2,2,D,4-2-3-1,4-3-3,6.0,6.0,8,13,6,3,2,7,,,,,,,,,5,11,,,,,8,7,1,0,5,3,1,0,1,4,45,55,,,,,,,,,,,,,,,,,,,,,,,,,,,,,,,,,,,,,,,,,,,0,3,,,,,,,,,,,,,,
j3bOyRUI,Europa League,Final,"August 22, 2024",10:30 PM,15868,30286,Estádio Municipal de Braga,Braga,Braga (Por),SK Rapid (Aut),2,1,H,,,,,,,,,,,,,,,,,,,,,,,,,,,,,0,0,0,0,,,,,,,,,,,,,,,,,,,,,,,,,,,,,,,,,,,,,,,,,,,,,,,,,,,,,,,,,,,,,,
4CwwZTNc,Europa League - League phase,7,"January 23, 2025",10:00 PM,7729,50093,- King Baudouin Stadium. Game Report H2H Standings Summary Stats Lineups Commentary Report Ivanović inspires Unionistes comeback 1st Half 0 - 1 16' 0 - 1 El Ouazzani A.,Bruma,Royale Union SG,Braga,2,1,H,4-1-3-2,4-3-3,6.9,7.4,6,8,3,4,1,3,5,7,1,1,,,0,0,3,0,14,18,29,31,18,14,2,2,7,5,2,2,3,1,56,44,15,15,72,65,340,244,469,376,,,,,,,47,52,60,43,127,83,28,40,5,4,18,10,3,4,,,,,,,,,55,62,11,16,20,26,2,1,15,29,15,14,0.85,1.57,,,,,,,,
KYEeRgCG,Europa League,Semi-finals,"August 08, 2024",10:30 PM,16603,30286,Estádio Municipal de Braga,Braga,Braga (Por),Servette (Sui),0,0,D,4-3-3,4-2-3-1,7.3,6.5,7,8,2,3,3,4,,,,,,,,,4,3,,,,,7,10,0,8,3,1,0,0,3,2,54,46,,,,,,,,,,,,,,,,,,,,,,,,,,,,,,,,,,,,,,,,,,,2,1,,,,,,,,,,,,,,
hnD3PXtT,Europa League,Semi-finals,"August 15, 2024",09:30 PM,15179,30084,Stade de Genève,Geneva,Servette (Sui),Braga (Por),1,2,A,4-2-3-1,4-3-3,5.9,5.7,12,10,5,3,5,4,,,,,,,,,1,3,,,,,11,14,7,1,3,2,0,0,1,4,46,54,,,,,,,,,,,,,,,,,,,,,,,,,,,,,,,,,,,,,,,,,,,2,3,,,,,,,,,,,,,,
OCGthVWN,Europa League,Semi-finals,"August 08, 2024",09:15 PM,2478,13059,Stadion Z'dezele,Celje,Celje (Slo),Shamrock Rovers (Irl),1,0,H,3-4-3,3-5-2,7.6,6.6,14,10,6,4,4,4,,,,,,,,,8,6,,,,,14,13,2,2,2,3,0,0,4,5,53,47,,,,,,,,,,,,,,,,,,,,,,,,,,,,,,,,,,,,,,,,,,,4,2,,,,,,,,,,,,,,
fe7Cn9fo,Europa League,Semi-finals,"August 15, 2024",10:00 PM,6153,10500,Tallaght Stadium,Dublin,Shamrock Rovers (Irl),Celje (Slo),3,1,H,3-5-2,4-3-3,6.4,6.3,10,11,6,2,4,5,,,,,,,,,2,5,,,,,13,13,3,4,5,5,0,0,1,3,50,50,,,,,,,,,,,,,,,,,,,,,,,,,,,,,,,,,,,,,,,,,,,0,4,,,,,,,,,,,,,,
ITdV7tqC,Europa League,Quarter-finals,"August 01, 2024",09:00 PM,10230,29062,Jan Breydel Stadion,Brugge,Cercle Brugge KSV (Bel),Kilmarnock (Sco),1,0,H,4-2-3-1,4-3-3,6.8,6.8,14,6,3,0,8,2,,,,,,,,,0,4,,,,,13,17,1,0,1,2,0,0,0,2,52,48,,,,,,,,,,,,,,,,,,,,,,,,,,,,,,,,,,,,,,,,,,,3,4,,,,,,,,,,,,,,
M13M92Ea,Europa League,Quarter-finals,"July 25, 2024",09:30 PM,10410,15003,Rugby Park,Kilmarnock,Kilmarnock (Sco),Cercle Brugge KSV (Bel),1,1,D,4-3-3,4-2-3-1,6.7,6.5,8,9,5,3,3,6,,,,,,,,,10,6,,,,,7,20,0,1,1,1,0,0,2,4,48,52,,,,,,,,,,,,,,,,,,,,,,,,,,,,,,,,,,,,,,,,,,,0,0,,,,,,,,,,,,,,
YXlJOfiB,Europa League,Semi-finals,"August 15, 2024",09:00 PM,4504,29062,Jan Breydel Stadion,Brugge,Cercle Brugge KSV (Bel),Molde (Nor),1,0,H,4-2-3-1,5-4-1,7.4,6.5,9,4,3,3,6,1,,,,,,,,,4,5,,,,,6,10,1,2,2,2,1,0,3,2,44,56,,,,,,,,,,,,,,,,,,,,,,,,,,,,,,,,,,,,,,,,,,,0,0,,,,,,,,,,,,,,
vZeAQGMb,Europa League,Semi-finals,"August 08, 2024",08:00 PM,4200,11249,Aker Stadion,Molde,Molde (Nor),Cercle Brugge KSV (Bel),3,0,H,3-5-2,4-2-3-1,6.9,6.6,14,7,7,1,5,6,,,,,,,,,5,7,,,,,11,13,2,3,2,2,0,0,1,4,53,47,,,,,,,,,,,,,,,,,,,,,,,,,,,,,,,,,,,,,,,,,,,2,0,,,,,,,,,,,,,,
Ms1JVbRs,Europa League,1/8-finals,"July 18, 2024",09:00 PM,8582,12363,Stadionul Municipal,Sibiu,Corvinul (Rou),Paks (Hun),0,2,A,4-3-3,3-5-2,6.7,5.7,9,11,3,6,6,5,,,,,,,,,4,7,,,,,3,12,3,1,1,4,0,0,4,3,45,55,,,,,,,,,,,,,,,,,,,,,,,,,,,,,,,,,,,,,,,,,,,0,0,,,,,,,,,,,,,,
jaAmyL3K,Europa League,1/8-finals,"July 11, 2024",08:00 PM,4182,6150,Fehérvári úti stadion,Paks,Paks (Hun),Corvinul (Rou),0,4,A,3-5-2,4-1-4-1,6.4,5.4,10,15,3,9,4,4,,,,,,,,,3,5,,,,,12,11,2,0,2,4,1,0,5,3,52,48,,,,,,,,,,,,,,,,,,,,,,,,,,,,,,,,,,,,,,,,,,,3,2,,,,,,,,,,,,,,
2PEdJ8sn,Europa League,Quarter-finals,"July 25, 2024",08:00 PM,7432,12363,- Stadionul Municipal. Game H2H Bracket Summary Stats Lineups Commentary 1st Half 0 - 0 16' Bus S.,Unsportsmanlike conduct,Corvinul (Rou),Rijeka (Cro),0,0,D,4-3-3,4-1-2-3,6.8,6.6,11,10,2,1,7,8,,,,,,,,,1,3,,,,,13,12,0,1,4,0,0,0,1,2,39,61,,,,,,,,,,,,,,,,,,,,,,,,,,,,,,,,,,,,,,,,,,,2,1,,,,,,,,,,,,,,
bi85HnCb,Europa League,Quarter-finals,"August 01, 2024",09:00 PM,4683,8279,Stadion HNK Rijeka,Rijeka,Rijeka (Cro),Corvinul (Rou),1,0,H,4-1-4-1,4-3-3,6.9,6.5,18,10,6,3,9,5,,,,,,,,,3,4,,,,,14,8,0,1,3,3,0,0,3,5,53,47,,,,,,,,,,,,,,,,,,,,,,,,,,,,,,,,,,,,,,,,,,,3,2,,,,,,,,,,,,,,
jLP6n2en,Europa League,Semi-finals,"August 08, 2024",09:45 PM,,4183,Mezokovesdi Varosi Stadion,Mezőkövesdi,Din. Minsk (Blr),Lincoln Red Imps (Gib),2,0,H,4-3-3,5-3-2,7.1,6.5,12,5,7,2,5,3,,,,,,,,,7,5,,,,,18,10,0,0,3,2,0,0,2,5,52,48,,,,,,,,,,,,,,,,,,,,,,,,,,,,,,,,,,,,,,,,,,,0,0,,,,,,,,,,,,,,
nmJFptQb,Europa League,Semi-finals,"August 15, 2024",07:00 PM,587,,- Europa point stadium. First leg result: 0-2. Aggregate: 2-3. Game H2H Bracket Summary Stats Lineups Commentary 1st Half 1 - 0 19' Shkolik I.,Elbowing,Lincoln Red Imps (Gib),Din. Minsk (Blr),2,1,H,4-1-4-1,4-3-3,6.6,6.5,13,10,6,2,4,6,,,,,,,,,3,6,,,,,11,18,2,0,3,3,0,0,1,5,54,46,,,,,,,,,,,,,,,,,,,,,,,,,,,,,,,,,,,,,,,,,,,3,2,,,,,,,,,,,,,,
2XnCg14l,Europa League - League phase,4,"November 07, 2024",10:00 PM,5338,57274,- Volksparkstadion. Game Report H2H Standings Summary Stats Lineups Commentary Report Ferencváros hit fever pitch in Hamburg 1st Half 0 - 0 17' Roughing Dubinchak V.,Roughing,Dyn. Kyiv,Ferencvaros,0,4,A,4-3-3,4-2-3-1,7.2,6.0,10,27,0,13,8,8,,,,,,,,,5,11,11,3,6,16,3,11,3,2,2,3,1,0,9,0,36,64,,,80,91,262,519,326,570,,,,,,,,,,,,,,,,,,,,,,,,,,,,,,,,,,,2,6,,,10,2,0.45,2.69,,,,,,,,
2mgzLYwR,Europa League - League phase,7,"January 21, 2025",05:30 PM,45273,53978,Rams Park,Istanbul,Galatasaray,Dyn. Kyiv,3,3,D,,,,,24,6,8,3,11,1,18,6,6,0,1,1,0,0,8,3,7,6,23,16,6,7,6,3,4,5,0,0,0,5,48,52,31,24,85,82,337,369,397,449,,,,,,,76,81,121,92,159,114,29,42,9,5,31,12,7,3,,,,,,,,,54,63,14,10,26,16,5,2,22,25,11,10,3.21,0.98,,,,,,,,
G636vKzH,Europa League - League phase,2,"October 03, 2024",07:45 PM,20351,30150,PreZero Arena,Sinsheim,Hoffenheim,Dyn. Kyiv,2,0,H,3-4-2-1,4-3-3,6.7,7.7,19,8,6,1,7,5,,,,,,,,,4,7,8,16,,,14,8,1,0,1,0,0,0,1,4,49,51,,,85,82,409,429,483,523,,,,,,,,,,,,,,,,,,,,,,,,,,,,,,,,,,,6,2,,,,,2.06,0.46,,,,,,,,
2Hfu5e8O,Europa League - League phase,1,"September 25, 2024",10:00 PM,7751,57274,- Volksparkstadion. Game Report H2H Standings Summary Stats Lineups Commentary Report Deadly Dia fires Lazio to emphatic opening win 1st Half 0 - 3 5' 0 - 1 Dia B.,Pedro,Dyn. Kyiv,Lazio,0,3,A,4-3-3,4-2-3-1,6.0,6.2,10,14,6,6,2,3,,,,,,,,,3,3,16,11,,,11,15,1,1,2,1,1,1,3,6,55,45,,,89,88,441,347,497,395,,,,,,,,,,,,,,,,,,,,,,,,,,,,,,,,,,,2,5,,,,,0.69,1.80,,,,,,,,
d2jsHPxg,Europa League - League phase,5,"November 28, 2024",07:45 PM,4456,57274,- Volksparkstadion. Game Report H2H Standings Summary Stats Lineups Commentary Report Vyd-eo killed the Dynamo star 1st Half 0 - 0 45' Markovic S.,Holding,Dyn. Kyiv,Plzen,1,2,A,3-4-2-1,3-5-1-1,6.5,6.7,14,15,6,5,3,8,9,8,5,7,,,0,0,8,1,14,11,18,27,11,14,1,3,1,2,0,0,3,5,62,38,39,31,81,73,444,242,550,330,,,,,,,73,71,116,111,159,156,29,12,6,2,21,17,0,1,,,,,,,,,69,72,11,13,16,18,5,2,30,38,7,12,0.88,1.06,,,,,,,,
SExRTg3F,Europa League - League phase,6,"December 12, 2024",10:00 PM,26457,40000,Reale Arena,San Sebastian,Real Sociedad,Dyn. Kyiv,3,0,H,4-4-2,3-4-2-1,6.8,7.6,27,5,14,1,4,3,22,1,5,4,,,1,0,6,1,14,10,21,20,10,14,1,2,2,2,0,0,1,11,59,41,43,9,84,77,452,291,535,376,,,,,,,75,58,109,36,146,62,21,18,4,2,19,11,5,0,,,,,,,,,56,27,10,4,18,15,9,1,13,17,11,10,2.98,0.17,,,,,,,,
rujatt64,Europa League - League phase,8,"January 30, 2025",10:00 PM,3698,57274,- Volksparkstadion. Game Report H2H Standings Summary Stats Lineups Commentary Report Oleksandr is Pik of the bunch for Dynamo 1st Half 0 - 0 20' Bilovar K.,Holding,Dyn. Kyiv,RFS,1,0,H,4-3-3,3-4-3,7.1,7.8,9,7,3,2,4,4,5,5,4,2,,,0,0,5,5,13,12,16,20,12,13,4,1,2,2,0,0,2,2,70,30,22,12,88,78,609,225,690,290,,,,,,,80,70,148,62,185,88,17,17,2,3,12,18,2,1,,,,,,,,,76,38,13,8,17,21,2,1,25,25,8,3,0.52,1.11,,,,,,,,
2HnO94y3,Europa League - League phase,7,"January 23, 2025",10:00 PM,55500,59500,Deutsche Bank Park,Frankfurt,Eintracht Frankfurt,Ferencvaros,2,0,H,4-4-2,4-3-3,6.4,7.0,14,1,8,0,2,1,8,1,6,0,,,0,0,7,2,5,11,21,12,11,5,2,1,3,0,0,0,0,6,68,32,39,10,88,76,635,247,721,325,,,,,,,73,65,149,47,205,72,23,9,3,1,13,11,3,0,,,,,,,,,69,57,11,8,16,14,4,0,15,31,9,17,1.59,0.03,,,,,,,,
OWzX7r6F,Europa League - League phase,6,"December 12, 2024",10:00 PM,41091,59186,Parc Olympique Lyonnais,Lyon,Lyon,Eintracht Frankfurt,3,2,H,4-3-3,4-4-2,6.6,7.9,19,7,6,5,6,1,14,6,5,1,,,2,0,4,0,15,18,16,20,18,15,3,1,5,7,0,0,3,3,42,58,47,16,77,83,293,433,379,524,,,,,,,72,70,106,89,147,127,21,0,4,0,19,6,3,3,,,,,,,,,68,65,23,15,34,23,7,1,16,30,8,13,2.39,1.10,,,,,,,,
UXFB00bk,Europa League - League phase,5,"November 28, 2024",10:00 PM,9521,12148,MCH Arena,Herning,Midtjylland,Eintracht Frankfurt,1,2,A,4-2-3-1,4-4-2,6.4,6.3,11,17,3,6,6,7,9,12,2,5,,,0,0,6,4,7,8,18,19,8,7,1,0,1,0,0,0,4,2,43,57,31,21,76,84,291,445,385,531,,,,,,,67,62,72,82,107,132,22,19,5,3,23,16,1,4,,,,,,,,,47,44,8,11,17,25,2,4,25,38,15,18,0.82,2.49,,,,,,,,
AmZv6MzS,Europa League - League phase,1,"September 26, 2024",10:00 PM,56500,59500,Deutsche Bank Park,Frankfurt,Eintracht Frankfurt,Plzen,3,3,D,4-4-2,3-4-3,6.4,8.7,19,13,6,6,10,2,,,,,,,,,5,1,12,5,,,5,11,1,1,0,0,0,0,3,3,64,36,,,89,79,592,252,665,321,,,,,,,,,,,,,,,,,,,,,,,,,,,,,,,,,,,3,5,,,,,1.41,1.13,,,,,,,,
2oEJbvT1,Europa League - League phase,3,"October 24, 2024",07:45 PM,56600,59500,Deutsche Bank Park,Frankfurt,Eintracht Frankfurt,RFS,1,0,H,4-4-2,3-5-2,6.8,7.0,20,10,4,1,11,7,,,,,,,,,8,4,6,12,12,23,12,6,4,2,1,0,0,0,1,3,60,40,,,88,78,495,288,565,370,,,,,,,,,,,,,,,,,,,,,,,,,,,,,,,,,,,5,2,,,8,17,0.86,0.49,,,,,,,,
vq1TmNEq,Europa League - League phase,4,"November 07, 2024",07:45 PM,57350,59500,Deutsche Bank Park,Frankfurt,Eintracht Frankfurt,Slavia Prague,1,0,H,4-4-2,4-5-1,7.4,7.8,10,20,5,4,3,10,,,,,,,,,4,7,5,13,22,31,13,5,0,1,3,1,0,0,4,4,47,53,,,73,73,280,299,383,408,,,,,,,,,,,,,,,,,,,,,,,,,,,,,,,,,,,2,6,,,18,15,0.90,1.13,,,,,,,,
WljSBDzi,Europa League,Quarter-finals,"April 10, 2025",09:00 PM,57849,62850,Tottenham Hotspur Stadium,London,Tottenham,Eintracht Frankfurt,1,1,D,4-3-3,4-2-3-1,6.4,8.3,10,4,6,2,4,1,8,2,2,2,,,2,0,9,3,15,14,17,20,14,15,1,2,1,2,0,0,1,5,56,44,31,13,89,80,468,332,526,414,58,39,18,24,31,61,79,68,107,63,136,92,19,18,5,2,27,11,2,1,43,49,0,0,0,0,0,0,88,48,7,10,8,21,0,1,18,16,11,8,0.62,0.36,1.81,0.19,1.20,0.45,0.19,1.81,-0.81,-0.16
lQKCJPgc,Europa League,Quarter-finals,"April 17, 2025",09:00 PM,57500,59500,Deutsche Bank Park,Frankfurt,Eintracht Frankfurt,Tottenham,0,1,A,4-2-3-1,4-3-3,6.1,7.1,14,12,5,3,4,6,9,10,5,2,,,0,0,8,7,9,7,33,15,7,9,1,1,3,3,0,0,2,5,61,39,37,22,85,77,456,271,535,351,61,27,33,15,54,56,72,57,112,45,156,79,16,25,5,4,32,16,2,2,52,56,1,0,0,0,0,1,67,33,12,6,18,18,5,3,21,53,6,16,1.06,1.71,0.72,1.46,0.96,0.84,1.46,0.72,0.46,0.72
fJ94Kbqo,Europa League - League phase,3,"October 23, 2024",05:30 PM,36938,53978,Rams Park,Istanbul,Galatasaray,Elfsborg,4,3,H,4-4-2,3-4-3,6.6,6.6,23,14,11,6,8,5,,,,,,,,,5,4,12,5,15,18,5,12,2,0,0,2,0,0,3,7,66,34,,,86,69,486,204,568,297,,,,,,,,,,,,,,,,,,,,,,,,,,,,,,,,,,,4,3,,,10,13,3.34,2.29,,,,,,,,
4A0O5jR8,Europa League,Final,"August 29, 2024",08:00 PM,7619,16200,Borås Arena,Borås,Elfsborg (Swe),Molde (Nor),1,1,D,3-4-3,3-5-2,7.2,6.5,18,12,10,5,6,6,,,,,,,,,11,6,,,,,11,9,5,0,3,4,0,0,4,10,48,52,,,,,,,,,,,,,,,,,,,,,,,,,,,,,,,,,,,,,,,,,,,2,1,,,,,,,,,,,,,,
CGDxrmZ1,Europa League,Final,"August 22, 2024",08:00 PM,4115,11249,Aker Stadion,Molde,Molde (Nor),Elfsborg (Swe),0,1,A,3-5-2,3-4-3,6.8,6.1,12,7,3,4,7,3,,,,,,,,,11,9,,,,,14,14,1,3,3,2,0,0,3,3,59,41,,,,,,,,,,,,,,,,,,,,,,,,,,,,,,,,,,,,,,,,,,,2,0,,,,,,,,,,,,,,
hl82bZrm,Europa League - League phase,7,"January 23, 2025",10:00 PM,7566,16200,Borås Arena,Borås,Elfsborg,Nice,1,0,H,3-4-3,3-5-2,7.8,7.6,9,22,1,6,6,8,7,11,2,11,1,0,0,1,4,9,7,5,22,14,5,7,0,1,2,1,0,0,6,0,31,69,13,52,74,89,215,560,291,629,,,,,,,55,82,48,185,87,225,63,27,5,9,8,33,1,3,,,,,,,,,70,78,16,21,23,27,2,8,38,13,10,8,0.77,1.61,,,,,,,,
U95VB4z9,Europa League,1/8-finals,"July 11, 2024",08:00 PM,5011,16200,Borås Arena,Borås,Elfsborg (Swe),Pafos (Cyp),3,0,H,3-4-3,4-2-3-1,7.5,6.7,15,9,6,3,7,4,,,,,,,,,4,5,,,,,16,13,2,0,2,3,0,1,3,3,42,58,,,,,,,,,,,,,,,,,,,,,,,,,,,,,,,,,,,,,,,,,,,2,2,,,,,,,,,,,,,,
xz9wAr5L,Europa League,1/8-finals,"July 18, 2024",07:00 PM,3952,11000,- Alphamega Stadium. First leg result: 0-3. Aggregate: 2-8. Game H2H Bracket Summary Stats Lineups Commentary 1st Half 2 - 1 2' Kaib R.,Roughing,Pafos (Cyp),Elfsborg (Swe),2,5,A,4-2-3-1,3-4-3,6.3,4.3,10,15,3,11,6,3,,,,,,,,,4,9,,,,,6,12,0,2,1,4,1,0,6,1,54,46,,,,,,,,,,,,,,,,,,,,,,,,,,,,,,,,,,,,,,,,,,,1,1,,,,,,,,,,,,,,
U9TugJkA,Europa League - League phase,6,"December 12, 2024",10:00 PM,6278,16200,Borås Arena,Borås,Elfsborg,Qarabag,1,0,H,4-4-2,4-2-3-1,6.8,7.0,9,14,3,2,4,6,7,8,2,6,1,0,1,0,2,4,7,20,16,22,20,7,3,0,1,3,0,0,2,2,30,70,16,37,71,89,205,594,287,670,,,,,,,58,81,36,158,62,196,17,18,1,5,6,28,3,1,,,,,,,,,70,55,16,12,23,22,2,6,28,11,11,13,1.52,1.02,,,,,,,,
rV6Tv7s9,Europa League,Semi-finals,"August 08, 2024",09:00 PM,4867,8279,Stadion HNK Rijeka,Rijeka,Rijeka (Cro),Elfsborg (Swe),1,1,D,4-4-2,3-4-3,6.6,6.4,16,7,7,2,6,3,,,,,,,,,7,1,26,14,,,7,20,6,0,2,6,0,1,1,6,56,44,,,,,,,,,,,,,,,,,,,,,,,,,,,,,,,,,,,,,,,,,,,3,2,,,,,,,,,,,,,,
zwPzwoCL,Europa League,Semi-finals,"August 15, 2024",08:00 PM,6035,16200,Borås Arena,Borås,Elfsborg (Swe),Rijeka (Cro),2,0,H,3-4-3,4-1-4-1,6.9,6.4,14,3,4,1,4,2,,,,,,,,,6,2,,,,,18,6,1,1,3,6,0,0,1,2,55,45,,,,,,,,,,,,,,,,,,,,,,,,,,,,,,,,,,,,,,,,,,,6,0,,,,,,,,,,,,,,
Eq01agZF,Europa League,Quarter-finals,"July 25, 2024",08:00 PM,3751,14000,Sheriff Arena,Tiraspol,Sheriff Tiraspol (Mda),Elfsborg (Swe),0,1,A,4-3-3,3-4-3,6.2,6.2,5,8,1,2,3,3,,,,,,,,,4,5,,,,,7,21,1,5,3,2,0,0,1,1,46,54,,,,,,,,,,,,,,,,,,,,,,,,,,,,,,,,,,,,,,,,,,,1,3,,,,,,,,,,,,,,
M939cX3S,Europa League,Quarter-finals,"August 01, 2024",08:00 PM,5414,16200,Borås Arena,Borås,Elfsborg (Swe),Sheriff Tiraspol (Mda),2,0,H,3-4-3,3-5-2,7.2,6.5,17,8,6,3,7,4,,,,,,,,,7,3,,,,,20,9,2,1,4,1,0,0,3,4,55,45,,,,,,,,,,,,,,,,,,,,,,,,,,,,,,,,,,,,,,,,,,,4,1,,,,,,,,,,,,,,
vuNrEDTs,Europa League - League phase,8,"January 30, 2025",10:00 PM,57337,62850,Tottenham Hotspur Stadium,London,Tottenham,Elfsborg,3,0,H,4-3-3,3-4-3,6.6,7.9,21,4,11,0,4,4,15,2,6,2,1,0,0,0,10,0,11,5,12,19,5,11,0,2,1,0,0,0,0,8,81,19,60,7,93,66,749,122,808,185,,,,,,,85,46,235,17,275,37,12,50,3,2,26,4,1,0,,,,,,,,,88,65,14,13,16,20,6,0,11,51,4,7,1.56,0.46,,,,,,,,
OQFNoblK,Europa League - League phase,3,"October 24, 2024",10:00 PM,39203,50033,Estádio do Dragão,Porto,FC Porto,Hoffenheim,2,0,H,4-3-3,3-4-1-2,6.8,7.0,11,15,4,1,2,11,,,,,,,,,6,9,9,16,13,6,16,9,2,2,3,1,0,0,1,2,45,55,,,85,88,333,423,390,481,,,,,,,,,,,,,,,,,,,,,,,,,,,,,,,,,,,5,3,,,9,9,0.59,1.30,,,,,,,,
2aghDwre,Europa League - League phase,4,"November 07, 2024",10:00 PM,29576,70634,Stadio Olimpico,Rome,Lazio,FC Porto,2,1,H,4-2-3-1,4-2-3-1,6.1,7.0,11,7,5,1,3,4,,,,,,,,,6,5,16,11,20,20,11,16,1,2,3,6,0,0,0,3,48,52,,,80,83,330,374,413,452,,,,,,,,,,,,,,,,,,,,,,,,,,,,,,,,,,,3,2,,,14,7,1.49,0.57,,,,,,,,
t6tKRxcl,Europa League - League phase,8,"January 30, 2025",10:00 PM,673,29775,Stadion Partizana,Belgrade,Maccabi Tel Aviv,FC Porto,0,1,A,4-3-3,4-3-3,6.3,6.4,7,9,1,3,4,4,5,6,2,3,0,1,1,0,9,5,13,9,18,19,9,13,3,2,0,1,0,0,2,1,52,48,13,23,84,83,413,364,489,440,,,,,,,73,69,60,79,82,115,19,18,3,3,16,17,1,1,,,,,,,,,40,69,4,11,10,16,2,2,23,23,9,9,0.52,0.78,,,,,,,,
A1EDKLkL,Europa League - League phase,2,"October 03, 2024",10:00 PM,49211,50033,Estádio do Dragão,Porto,FC Porto,Manchester Utd,3,3,D,4-3-3,4-2-3-1,7.1,7.5,15,29,7,9,5,9,,,,,,,,,5,10,8,6,,,7,7,0,1,1,2,0,1,6,4,47,53,,,85,89,360,420,425,474,,,,,,,,,,,,,,,,,,,,,,,,,,,,,,,,,,,3,11,,,,,2.57,2.03,,,,,,,,
2LUSPGR0,Europa League - League phase,6,"December 12, 2024",10:00 PM,36619,50033,Estádio do Dragão,Porto,FC Porto,Midtjylland,2,0,H,4-3-3,4-3-3,6.9,6.7,17,5,7,1,7,2,10,5,7,0,1,0,0,0,3,7,11,16,10,14,16,11,3,3,1,1,0,0,1,5,62,38,29,12,90,79,506,267,565,337,,,,,,,82,57,107,39,130,68,27,19,3,3,11,16,5,1,,,,,,,,,41,53,7,8,17,15,3,2,15,18,11,10,2.17,0.97,,,,,,,,
ANklXbZQ,Europa League - League phase,7,"January 23, 2025",07:45 PM,35357,50033,Estádio do Dragão,Porto,FC Porto,Olympiacos Piraeus,0,1,A,4-3-3,4-2-3-1,6.0,6.7,16,7,2,2,6,1,12,4,4,3,,,0,0,2,2,18,10,28,20,10,18,2,8,3,1,0,0,1,2,58,42,32,13,80,72,375,240,470,335,,,,,,,73,54,85,62,117,114,29,14,5,2,17,14,1,0,,,,,,,,,69,62,11,13,16,21,8,4,17,21,3,14,1.06,0.45,,,,,,,,
2agKodas,Europa League - League phase,6,"December 12, 2024",07:45 PM,23223,30150,PreZero Arena,Sinsheim,Hoffenheim,FCSB,0,0,D,4-2-3-1,4-2-3-1,7.4,7.8,14,8,3,4,8,3,9,5,5,3,,,0,0,4,2,18,17,25,24,17,18,0,1,4,3,0,0,4,3,69,31,20,11,86,66,569,199,665,300,,,,,,,61,61,76,36,125,59,41,38,12,3,29,8,3,2,,,,,,,,,37,71,7,12,19,17,3,1,7,24,10,14,0.62,0.69,,,,,,,,
nsYEkNVs,Europa League,Final,"August 22, 2024",08:00 PM,10650,19080,Raiffeisen Arena,Linz,LASK (Aut),FCSB (Rou),1,1,D,4-2-1-3,4-2-3-1,6.7,6.4,5,6,1,3,4,3,,,,,,,,,7,1,,,,,9,16,0,1,2,4,0,0,2,0,63,37,,,,,,,,,,,,,,,,,,,,,,,,,,,,,,,,,,,,,,,,,,,0,0,,,,,,,,,,,,,,
vkjMm10f,Europa League,Final,"August 29, 2024",09:30 PM,21523,31254,Stadionul Steaua,Bucharest,FCSB (Rou),LASK (Aut),1,0,H,4-2-3-1,4-1-4-1,7.4,6.8,5,8,3,3,0,4,,,,,,,,,10,9,,,,,10,19,3,2,3,4,0,0,3,2,57,43,,,,,,,,,,,,,,,,,,,,,,,,,,,,,,,,,,,,,,,,,,,2,1,,,,,,,,,,,,,,
M9qhWF7e,Europa League,1/8-finals,"March 06, 2025",07:45 PM,53028,55634,Arena Nationala,Bucharest,FCSB,Lyon,1,3,A,4-2-3-1,4-4-2,5.8,5.7,11,17,4,5,4,5,8,13,3,4,0,1,2,0,5,6,9,15,12,19,15,9,2,2,2,0,0,0,2,3,34,67,24,31,80,89,253,566,315,639,,,,,,,65,80,55,105,84,131,25,18,3,2,12,11,3,3,,,,,,,,,46,58,6,7,13,12,3,7,19,11,15,4,1.30,1.31,,,,,,,,
fNs0Ugx8,Europa League,1/8-finals,"March 13, 2025",10:00 PM,37322,59186,Parc Olympique Lyonnais,Lyon,Lyon,FCSB,4,0,H,4-3-3,4-2-3-1,7.1,7.4,18,9,6,2,9,4,10,4,8,5,,,1,0,2,2,11,8,13,10,8,11,0,1,0,0,0,0,2,2,65,35,31,10,94,87,708,342,756,394,,,,,,,85,72,143,48,168,67,9,40,1,4,11,10,4,0,,,,,,,,,53,59,8,10,15,17,3,3,8,20,7,8,2.81,0.52,,,,,,,,
Us5Yc1wp,Europa League - League phase,8,"January 30, 2025",10:00 PM,50128,55634,Arena Nationala,Bucharest,FCSB,Manchester Utd,0,2,A,3-4-3,3-4-3,6.8,6.7,8,21,3,7,5,11,3,16,5,5,,,1,2,3,6,10,14,12,19,14,10,2,2,3,1,0,0,5,3,30,70,11,36,74,88,213,588,288,667,,,,,,,50,81,25,142,50,176,40,29,4,4,10,14,2,6,,,,,,,,,52,65,11,13,21,20,0,3,17,10,17,2,0.55,2.84,,,,,,,,
84roXyTj,Europa League - League phase,4,"November 07, 2024",07:45 PM,37152,55634,Arena Nationala,Bucharest,FCSB,Midtjylland,2,0,H,4-3-3,4-3-3,7.2,7.2,13,11,5,3,7,4,,,,,,,,,2,4,10,13,18,33,13,10,3,2,0,1,0,0,3,3,43,57,,,75,81,277,376,367,464,,,,,,,,,,,,,,,,,,,,,,,,,,,,,,,,,,,1,4,,,12,7,1.75,0.89,,,,,,,,
f39Gz2Ga,Europa League - League phase,5,"November 28, 2024",10:00 PM,43572,55634,Arena Nationala,Bucharest,FCSB,Olympiacos Piraeus,0,0,D,4-2-3-1,4-2-3-1,6.5,7.3,10,12,2,2,6,9,5,9,5,3,,,0,0,4,4,16,10,27,20,10,16,2,1,6,1,1,0,2,2,41,59,12,24,60,72,196,336,325,466,,,,,,,49,67,50,107,103,159,17,22,2,5,12,23,0,2,,,,,,,,,53,71,10,15,19,21,2,1,26,21,13,11,0.48,1.08,,,,,,,,
8IunhaTq,Europa League,1/16-finals,"February 13, 2025",10:00 PM,18343,28701,Toumba Stadium,Thessaloniki,PAOK,FCSB,1,2,A,4-2-3-1,4-2-3-1,6.4,6.4,5,13,2,5,2,3,3,9,2,4,0,1,0,0,1,2,13,11,20,28,11,13,1,2,4,7,1,0,3,1,48,52,15,20,83,83,359,388,432,469,,,,,,,68,66,66,79,97,119,25,25,2,3,8,12,2,3,,,,,,,,,64,62,14,16,22,26,1,5,24,17,9,10,0.29,1.84,,,,,,,,
dYfdMjvh,Europa League - League phase,2,"October 03, 2024",10:00 PM,14340,28701,Toumba Stadium,Thessaloniki,PAOK,FCSB,0,1,A,4-2-3-1,4-2-3-1,6.1,5.8,27,6,6,2,15,3,,,,,,,,,13,1,16,16,,,14,13,2,3,2,6,0,1,1,6,58,42,,,82,75,480,260,586,346,,,,,,,,,,,,,,,,,,,,,,,,,,,,,,,,,,,6,1,,,,,2.26,0.59,,,,,,,,
lSmfjwbd,Europa League,1/16-finals,"February 20, 2025",07:45 PM,50248,55634,Arena Nationala,Bucharest,FCSB,PAOK,2,0,H,4-2-3-1,4-2-3-1,7.4,7.6,10,9,4,4,3,4,8,7,2,2,,,1,0,5,7,11,22,15,17,22,11,2,1,1,5,0,0,4,2,46,54,32,22,79,81,272,318,343,394,,,,,,,72,65,78,75,109,115,17,39,3,9,18,23,2,2,,,,,,,,,69,50,11,10,16,20,3,1,46,33,6,10,1.36,0.91,,,,,,,,
OCQXfuLc,Europa League - League phase,7,"January 23, 2025",07:45 PM,16583,31200,- Tofiq Bahramov Stadium. Game Report H2H Standings Summary Stats Lineups Commentary Report Five-goal Șut-out goes FCSB’s way in Baku 1st Half 2 - 2 1' 1 - 0 Leandro Andrade,Akhundzade N.,Qarabag,FCSB,2,3,A,4-2-3-1,4-2-3-1,5.6,6.4,9,10,1,5,6,3,5,7,4,3,0,2,0,0,7,4,23,10,19,22,10,23,1,2,2,3,0,0,2,0,63,37,25,14,82,70,382,190,466,272,,,,,,,70,63,108,34,155,54,17,30,4,3,23,10,4,2,,,,,,,,,64,57,16,8,25,14,2,2,15,38,10,15,1.53,0.79,,,,,,,,
jHDnhcff,Europa League - League phase,3,"October 24, 2024",10:00 PM,41191,51587,Ibrox Stadium,Glasgow,Rangers,FCSB,4,0,H,4-2-3-1,4-2-3-1,6.9,7.1,23,7,7,1,6,5,,,,,,,,,4,2,15,19,15,20,19,15,0,3,3,4,0,0,1,3,54,46,,,84,81,380,316,451,389,,,,,,,,,,,,,,,,,,,,,,,,,,,,,,,,,,,10,1,,,13,13,1.86,0.35,,,,,,,,
zXPh9jc5,Europa League - League phase,1,"September 26, 2024",10:00 PM,34257,55634,Arena Nationala,Bucharest,FCSB,RFS,4,1,H,4-2-3-1,4-2-3-1,7.2,6.6,18,10,8,5,5,4,,,,,,,,,8,4,11,15,,,13,11,1,1,1,0,0,0,4,4,55,45,,,86,80,496,324,579,406,,,,,,,,,,,,,,,,,,,,,,,,,,,,,,,,,,,5,1,,,,,1.89,0.74,,,,,,,,
zN2X0qCE,Europa League - League phase,7,"January 23, 2025",07:45 PM,36722,50530,Chobani Stadium Fenerbahce Sukru Saracoglu,Istanbul,Fenerbahce,Lyon,0,0,D,3-4-3,4-3-3,8.1,7.2,11,13,2,7,5,5,7,7,4,6,,,0,0,3,7,23,14,23,14,14,23,3,1,4,5,0,0,7,2,44,56,17,24,77,83,283,398,369,481,,,,,,,62,75,59,92,95,122,19,18,3,2,16,11,1,1,,,,,,,,,65,64,13,9,20,14,4,1,18,19,15,13,0.93,0.79,,,,,,,,
UTPaq2Oj,Europa League - League phase,3,"October 24, 2024",10:00 PM,41443,50530,Chobani Stadium Fenerbahce Sukru Saracoglu,Istanbul,Fenerbahce,Manchester Utd,1,1,D,4-3-3,4-2-3-1,7.1,6.7,10,12,5,5,3,4,,,,,,,,,5,3,14,12,16,13,12,14,1,1,2,1,0,0,4,4,52,48,,,86,84,415,387,485,459,,,,,,,,,,,,,,,,,,,,,,,,,,,,,,,,,,,2,3,,,12,5,1.15,1.21,,,,,,,,
t4JUtOKr,Europa League - League phase,8,"January 30, 2025",10:00 PM,9693,12148,MCH Arena,Herning,Midtjylland,Fenerbahce,2,2,D,4-3-3,4-3-3,6.4,5.9,13,7,5,4,6,3,12,6,1,1,1,0,0,0,3,2,13,12,24,15,12,13,1,0,0,4,0,0,2,3,54,46,30,15,77,71,351,284,454,399,,,,,,,65,61,91,66,141,109,24,18,6,2,25,11,2,3,,,,,,,,,60,59,6,10,10,17,2,0,18,35,10,11,1.41,1.47,,,,,,,,
G84DwbFL,Europa League,1/8-finals,"March 06, 2025",07:45 PM,42090,50530,Chobani Stadium Fenerbahce Sukru Saracoglu,Istanbul,Fenerbahce,Rangers,1,3,A,3-4-1-2,4-2-3-1,6.0,6.2,23,8,7,6,10,2,15,7,8,1,,,0,0,11,3,10,8,16,13,8,10,2,2,1,1,0,0,3,6,64,36,41,16,85,75,486,250,572,332,,,,,,,68,56,129,34,190,61,31,22,14,2,45,9,0,3,,,,,,,,,70,69,14,9,20,13,6,0,12,59,11,10,1.80,1.82,,,,,,,,
QsjqYywq,Europa League,1/8-finals,"March 13, 2025",10:00 PM,50061,51587,Ibrox Stadium,Glasgow,Rangers,Fenerbahce,1,2,A,3-4-2-1,4-4-2,5.7,7.3,23,21,9,3,8,11,10,12,13,9,,,0,0,5,1,10,19,16,27,19,10,3,3,7,5,0,0,1,9,40,60,28,39,77,82,400,631,520,765,,,,,,,68,68,102,132,151,194,38,18,6,6,16,33,0,3,,,,,,,,,69,50,11,16,16,32,6,7,49,35,11,12,0.97,2.01,,,,,,,,
dWsbnpcL,Europa League - League phase,1,"September 26, 2024",07:45 PM,31760,50530,Chobani Stadium Fenerbahce Sukru Saracoglu,Istanbul,Fenerbahce,Royale Union SG,2,1,H,4-3-3,4-3-3,7.4,7.6,10,15,3,6,5,4,,,,,,,,,7,6,21,13,,,13,20,1,1,4,2,1,1,5,1,59,41,,,82,71,376,199,456,279,,,,,,,,,,,,,,,,,,,,,,,,,,,,,,,,,,,2,5,,,,,1.13,2.33,,,,,,,,
GOf2vGtf,Europa League - League phase,5,"November 28, 2024",10:00 PM,19308,19370,Fortuna Arena,Prague,Slavia Prague,Fenerbahce,1,2,A,3-4-3,4-3-3,5.8,6.3,23,5,6,3,10,1,14,3,9,2,,,0,0,4,2,18,16,16,21,16,18,2,1,4,6,0,0,1,5,53,47,35,15,78,73,290,249,372,343,,,,,,,69,55,98,58,142,106,37,14,11,1,30,7,4,1,,,,,,,,,60,58,9,7,15,12,7,1,14,30,14,14,2.14,0.73,,,,,,,,
rTFowtK7,Europa League - League phase,2,"October 03, 2024",10:00 PM,29000,30000,De Grolsch Veste,Enschede,Twente,Fenerbahce,1,1,D,,,,,15,7,9,3,5,3,,,,,,,,,4,2,16,16,,,15,16,1,1,2,5,0,0,2,8,51,49,,,84,82,370,340,443,415,,,,,,,,,,,,,,,,,,,,,,,,,,,,,,,,,,,1,1,,,,,1.71,0.84,,,,,,,,
WldtaNtR,Europa League - League phase,5,"November 28, 2024",10:00 PM,18891,22000,Groupama Arena,Budapest,Ferencvaros,Malmo FF,4,1,H,4-2-3-1,4-2-3-1,7.0,6.6,9,11,6,4,3,5,5,7,4,4,1,0,0,0,1,3,11,16,14,21,16,11,4,2,1,2,0,0,3,2,33,67,15,25,82,89,216,474,263,534,,,,,,,71,77,46,116,65,150,50,28,2,5,4,18,2,2,,,,,,,,,73,73,11,8,15,11,0,2,20,5,10,1,1.48,1.31,,,,,,,,
OnyLiuZ0,Europa League - League phase,3,"October 24, 2024",07:45 PM,18371,22000,Groupama Arena,Budapest,Ferencvaros,Nice,1,0,H,4-2-3-1,3-4-3,7.5,6.9,15,16,6,4,7,3,,,,,,,,,3,5,10,13,25,10,13,10,1,0,2,2,0,1,4,5,47,53,,,80,82,313,359,393,439,,,,,,,,,,,,,,,,,,,,,,,,,,,,,,,,,,,2,9,,,6,10,1.20,1.00,,,,,,,,
p86CI8wH,Europa League - League phase,6,"December 12, 2024",07:45 PM,18121,28701,Toumba Stadium,Thessaloniki,PAOK,Ferencvaros,5,0,H,4-2-3-1,4-2-3-1,7.0,7.8,13,9,7,2,4,5,9,7,4,2,,,0,1,3,2,14,11,22,19,11,14,1,1,2,4,0,0,2,2,49,51,27,18,82,85,367,384,445,452,,,,,,,59,70,58,59,98,84,63,13,5,1,8,8,5,2,,,,,,,,,65,53,13,8,20,15,2,2,17,21,7,7,3.06,0.72,,,,,,,,
Yu7lqMjT,Europa League,1/16-finals,"February 20, 2025",10:00 PM,10415,11700,Doosan Arena,Plzen,Plzen,Ferencvaros,3,0,H,5-4-1,4-3-3,6.7,7.2,15,11,8,1,3,5,8,2,7,9,,,0,0,8,1,19,10,17,16,10,19,1,1,2,2,0,0,1,5,51,49,23,10,74,74,306,293,415,397,,,,,,,61,51,89,50,145,99,19,21,4,3,21,14,5,0,,,,,,,,,82,45,9,9,11,20,4,5,35,33,17,7,2.14,0.54,,,,,,,,
xEDuorMG,Europa League,1/16-finals,"February 13, 2025",07:45 PM,18519,22000,Groupama Arena,Budapest,Ferencvaros,Plzen,1,0,H,4-3-3,3-5-2,6.9,6.6,12,17,3,2,7,5,9,11,3,6,,,0,0,8,8,16,13,29,13,13,16,2,1,1,1,0,0,2,2,42,58,24,26,67,76,215,334,319,439,,,,,,,57,59,77,70,136,118,43,37,9,7,21,19,1,0,,,,,,,,,76,62,16,18,21,29,2,10,44,38,10,3,0.99,1.29,,,,,,,,
dIOFAvNk,Europa League - League phase,2,"October 03, 2024",07:45 PM,20795,22000,Groupama Arena,Budapest,Ferencvaros,Tottenham,1,2,A,4-2-3-1,4-3-3,7.1,6.6,15,17,5,7,6,6,,,,,,,,,4,11,13,15,,,11,13,4,1,1,0,0,0,5,4,44,56,,,82,87,301,456,367,527,,,,,,,,,,,,,,,,,,,,,,,,,,,,,,,,,,,4,4,,,,,1.15,1.86,,,,,,,,
GSAWtbPN,Europa League,Semi-finals,"August 15, 2024",09:30 PM,34,8903,- Haladás Sportkomplexum. First leg result: 2-1. Aggregate: 5-1. Game H2H Bracket Summary Stats Lineups Commentary 1st Half 1 - 0 19' Rasimavicius R.,Roughing,Maccabi Tel Aviv (Isr),FK Panevezys (Ltu),3,0,H,4-3-3,4-1-4-1,7.6,7.4,21,10,6,4,10,4,,,,,,,,,6,2,,,,,17,12,1,4,3,3,0,0,4,3,63,37,,,,,,,,,,,,,,,,,,,,,,,,,,,,,,,,,,,,,,,,,,,5,2,,,,,,,,,,,,,,
K0HNrKfB,Europa League,Semi-finals,"August 06, 2024",07:30 PM,1312,5067,- LFF stadionas. Game H2H Bracket Summary Stats Lineups Commentary 1st Half 0 - 2 3' 0 - 1 Peretz D.,Jehezkel S.,FK Panevezys (Ltu),Maccabi Tel Aviv (Isr),1,2,A,4-1-4-1,4-3-3,6.9,6.4,9,11,2,7,5,3,,,,,,,,,3,6,,,,,7,16,2,1,2,1,0,0,5,1,40,60,,,,,,,,,,,,,,,,,,,,,,,,,,,,,,,,,,,,,,,,,,,2,1,,,,,,,,,,,,,,
zDZh8efL,Europa League - League phase,6,"December 12, 2024",07:45 PM,19489,22500,Eleda Stadion,Malmö,Malmo FF,Galatasaray,2,2,D,4-4-2,4-2-3-1,6.4,7.1,21,9,4,5,10,2,14,6,7,3,1,0,0,0,7,3,11,11,18,13,11,11,2,3,2,2,0,0,3,2,48,52,37,22,79,84,340,394,431,471,,,,,,,70,74,92,89,131,121,32,7,7,1,22,14,5,1,,,,,,,,,78,68,14,13,18,19,7,2,17,29,7,11,2.34,0.81,,,,,,,,
GxI9bmno,Europa League - League phase,1,"September 25, 2024",10:00 PM,50700,53978,Rams Park,Istanbul,Galatasaray,PAOK,3,1,H,4-2-3-1,4-2-3-1,7.2,7.3,25,8,9,5,11,2,,,,,,,,,9,1,15,15,,,13,9,2,4,1,1,0,0,4,6,56,44,,,82,76,434,327,527,428,,,,,,,,,,,,,,,,,,,,,,,,,,,,,,,,,,,5,1,,,,,2.58,0.92,,,,,,,,
MP1jr2yh,Europa League - League phase,2,"October 03, 2024",07:45 PM,8502,10461,- Daugavas stadions. Game Report H2H Standings Summary Stats Lineups Commentary Report RFS stun tame Turks in Lasha-ing Latvian rain 1st Half 1 - 2 12' 0 - 1 Mertens D.,Icardi M.,RFS,Galatasaray,2,2,D,4-2-3-1,4-2-3-1,7.1,6.7,8,16,4,8,2,5,,,,,,,,,2,7,12,18,,,14,13,2,0,2,2,0,0,6,2,32,68,,,69,89,174,645,251,723,,,,,,,,,,,,,,,,,,,,,,,,,,,,,,,,,,,2,3,,,,,0.99,1.32,,,,,,,,
pv5AWLq9,Europa League - League phase,4,"November 07, 2024",07:45 PM,51739,53978,Rams Park,Istanbul,Galatasaray,Tottenham,3,2,H,3-4-1-2,4-3-3,6.2,6.9,28,5,10,3,12,2,,,,,,,,,8,0,10,14,23,21,14,10,4,3,3,6,0,1,1,7,54,46,,,81,80,360,315,446,396,,,,,,,,,,,,,,,,,,,,,,,,,,,,,,,,,,,6,0,,,18,8,3.13,2.01,,,,,,,,
U3Olhauh,Europa League,Final,"August 22, 2024",08:00 PM,10506,11700,Doosan Arena,Plzen,Plzen (Cze),Hearts (Sco),1,0,H,3-5-2,5-4-1,7.1,6.7,18,8,3,2,10,3,,,,,,,,,9,3,,,,,12,7,2,0,2,3,0,0,2,2,52,48,,,,,,,,,,,,,,,,,,,,,,,,,,,,,,,,,,,,,,,,,,,5,3,,,,,,,,,,,,,,
xURdjwA4,Europa League,Final,"August 29, 2024",09:45 PM,18164,19852,Tynecastle Park,Edinburgh,Hearts (Sco),Plzen (Cze),0,1,A,3-4-3,5-4-1,6.9,5.7,11,13,3,5,6,5,,,,,,,,,3,4,,,,,8,10,2,1,3,0,0,0,4,3,51,49,,,,,,,,,,,,,,,,,,,,,,,,,,,,,,,,,,,,,,,,,,,2,3,,,,,,,,,,,,,,
nJH8u6KH,Europa League - League phase,4,"November 07, 2024",10:00 PM,18227,30150,PreZero Arena,Sinsheim,Hoffenheim,Lyon,2,2,D,3-4-1-2,4-3-3,6.3,7.0,18,11,12,4,2,4,,,,,,,,,8,8,12,13,22,12,13,12,4,0,2,1,0,0,2,10,43,57,,,78,81,287,397,367,490,,,,,,,,,,,,,,,,,,,,,,,,,,,,,,,,,,,4,3,,,3,9,1.40,0.98,,,,,,,,
CYdFxb5T,Europa League - League phase,1,"September 25, 2024",10:00 PM,8561,12148,MCH Arena,Herning,Midtjylland,Hoffenheim,1,1,D,4-4-2,3-4-3,6.3,6.8,13,15,7,2,2,7,,,,,,,,,10,5,10,21,,,16,7,2,2,1,0,0,0,1,6,54,46,,,88,85,360,372,411,440,,,,,,,,,,,,,,,,,,,,,,,,,,,,,,,,,,,4,6,,,,,1.73,0.92,,,,,,,,
pxQjCibf,Europa League - League phase,7,"January 23, 2025",07:45 PM,30150,30150,PreZero Arena,Sinsheim,Hoffenheim,Tottenham,2,3,A,4-4-2,4-3-3,5.7,6.8,22,8,5,5,3,2,13,8,9,0,1,0,1,0,6,4,6,6,22,14,6,6,5,1,1,0,0,0,2,3,55,45,34,29,87,86,469,389,541,452,,,,,,,78,81,135,80,172,99,20,30,8,3,40,10,6,3,,,,,,,,,42,63,11,10,26,16,14,1,11,35,7,10,2.13,2.12,,,,,,,,
0fXKBMfJ,Europa League,Semi-finals,"August 15, 2024",08:00 PM,,,,,Plzen (Cze),Kryvbas (Ukr),1,0,H,,,,,,,,,,,,,,,,,,,,,,,,,,,,,0,0,0,0,,,,,,,,,,,,,,,,,,,,,,,,,,,,,,,,,,,,,,,,,,,,,,,,,,,,,,,,,,,,,,
thHJDrQ6,Europa League,Semi-finals,"August 08, 2024",09:00 PM,1800,12555,- Košická futbalová aréna. Game H2H Bracket Summary Stats Lineups Commentary 1st Half 1 - 0 17' Adu P.,Elbowing,Kryvbas (Ukr),Plzen (Cze),1,2,A,4-1-4-1,3-4-2-1,5.7,5.9,16,9,6,2,5,3,,,,,,,,,4,0,,,,,10,15,1,1,3,2,0,0,0,5,45,55,,,,,,,,,,,,,,,,,,,,,,,,,,,,,,,,,,,,,,,,,,,5,4,,,,,,,,,,,,,,
t26W6HwC,Europa League - League phase,5,"November 28, 2024",07:45 PM,27259,70634,Stadio Olimpico,Rome,Lazio,Ludogorets,0,0,D,4-2-3-1,4-3-1-2,6.4,7.0,20,3,6,0,8,2,9,2,11,1,,,1,0,7,3,9,10,18,12,10,9,2,0,6,2,0,0,0,6,62,38,44,7,92,81,561,314,610,386,,,,,,,86,53,224,20,261,38,14,20,6,2,42,10,1,0,,,,,,,,,67,47,14,8,21,17,6,1,8,42,15,10,1.11,0.16,,,,,,,,
htzkPbgt,Europa League - League phase,2,"October 03, 2024",07:45 PM,27314,70634,Stadio Olimpico,Rome,Lazio,Nice,4,1,H,4-2-3-1,3-4-2-1,6.9,7.5,13,11,5,4,3,4,,,,,,,,,6,3,8,18,,,17,9,1,1,2,3,0,0,3,1,45,55,,,80,86,270,422,336,492,,,,,,,,,,,,,,,,,,,,,,,,,,,,,,,,,,,5,3,,,,,2.27,0.92,,,,,,,,
2TjPUNml,Europa League,1/8-finals,"March 06, 2025",10:00 PM,11236,11700,Doosan Arena,Plzen,Plzen,Lazio,1,2,A,3-4-2-1,4-2-3-1,6.1,6.6,12,10,5,4,2,4,7,9,3,1,1,1,0,0,7,2,13,16,25,21,16,13,2,0,3,2,0,2,2,4,56,44,24,15,80,76,358,273,450,357,,,,,,,70,62,122,44,175,71,25,44,6,4,24,9,2,2,,,,,,,,,62,59,8,10,13,17,5,2,13,52,13,11,1.31,1.25,,,,,,,,
AgfXS1I0,Europa League,1/8-finals,"March 13, 2025",07:45 PM,39547,70634,Stadio Olimpico,Rome,Lazio,Plzen,1,1,D,4-2-3-1,4-3-3,6.6,6.4,15,11,5,3,4,6,9,10,6,1,1,0,0,1,12,4,13,12,17,17,12,13,2,2,2,2,0,0,2,4,53,47,25,27,82,78,353,301,429,385,,,,,,,77,57,98,58,128,101,15,31,4,5,26,16,0,1,,,,,,,,,80,55,4,11,5,20,6,2,41,38,6,11,0.90,0.64,,,,,,,,
SOXNAavm,Europa League - League phase,7,"January 23, 2025",10:00 PM,32635,70634,Stadio Olimpico,Rome,Lazio,Real Sociedad,3,1,H,4-2-3-1,4-3-3,7.1,6.9,19,9,6,4,7,2,15,6,4,3,1,1,2,1,3,3,6,10,14,18,10,6,1,0,2,3,0,1,3,3,77,23,38,12,94,70,784,165,837,237,,,,,,,94,35,325,17,344,48,32,0,6,0,19,10,5,2,,,,,,,,,88,50,7,11,8,22,6,3,10,21,9,6,1.60,1.58,,,,,,,,
nuTcNxOh,Europa League - League phase,3,"October 24, 2024",10:00 PM,29500,30000,De Grolsch Veste,Enschede,Twente,Lazio,0,2,A,4-2-3-1,4-2-3-1,6.2,5.8,7,14,2,6,1,6,,,,,,,,,2,4,6,12,22,21,12,6,1,4,4,0,1,0,4,2,33,67,,,71,90,210,546,297,609,,,,,,,,,,,,,,,,,,,,,,,,,,,,,,,,,,,4,2,,,11,9,0.33,2.82,,,,,,,,
UXmI20ce,Europa League,1/8-finals,"July 18, 2024",05:30 PM,,10000,Stadiumi Zahir Pajaziti,Podujeve,KF Llapi (Kos),Wisla (Pol),1,2,A,4-2-1-3,4-2-3-1,6.7,6.0,9,9,4,6,3,3,,,,,,,,,10,1,,,,,13,16,1,4,3,1,0,0,4,3,75,25,,,,,,,,,,,,,,,,,,,,,,,,,,,,,,,,,,,,,,,,,,,2,0,,,,,,,,,,,,,,
dKkA4MSr,Europa League,1/8-finals,"July 11, 2024",09:30 PM,24403,33326,Synerise Arena - Stadion Miejski im. Henryka Reymana,Kraków,Wisla (Pol),KF Llapi (Kos),2,0,H,4-2-3-1,5-4-1,7.1,6.3,13,5,5,2,7,1,,,,,,,,,8,3,,,,,11,11,2,1,2,4,0,1,2,3,57,43,,,,,,,,,,,,,,,,,,,,,,,,,,,,,,,,,,,,,,,,,,,1,2,,,,,,,,,,,,,,
WMRqoAjt,Europa League - League phase,8,"January 30, 2025",10:00 PM,35448,59186,Parc Olympique Lyonnais,Lyon,Lyon,Ludogorets,1,1,D,4-3-3,4-3-3,7.2,7.4,14,15,8,6,3,6,10,9,4,6,,,0,0,11,4,13,13,16,16,13,13,0,2,1,2,0,0,5,7,57,43,45,20,86,84,466,336,539,401,,,,,,,79,74,155,69,195,93,32,40,7,6,22,15,2,4,,,,,,,,,58,67,14,12,24,18,3,3,18,33,7,11,1.25,2.48,,,,,,,,
fNaGycJq,Europa League - League phase,7,"January 23, 2025",10:00 PM,3847,10423,Huvepharma Arena,Razgrad,Ludogorets,Midtjylland,0,2,A,4-3-3,4-3-3,6.5,6.3,16,11,6,6,5,4,10,8,6,3,,,0,0,8,3,15,13,29,16,13,15,2,0,2,2,0,0,4,6,64,36,28,20,82,73,427,221,522,301,,,,,,,69,62,81,59,117,95,26,40,9,4,34,10,1,4,,,,,,,,,65,74,13,14,20,19,5,1,15,39,9,11,0.81,2.28,,,,,,,,
04vVouV6,Europa League,Final,"August 22, 2024",09:00 PM,3965,10423,Huvepharma Arena,Razgrad,Ludogorets (Bul),Petrocub (Mda),4,0,H,4-3-3,3-5-2,6.6,6.8,27,3,10,0,8,3,,,,,,,,,10,0,,,,,5,9,1,2,1,1,0,0,0,6,69,31,,,,,,,,,,,,,,,,,,,,,,,,,,,,,,,,,,,,,,,,,,,9,0,,,,,,,,,,,,,,
8UswpJaJ,Europa League,Final,"August 29, 2024",08:00 PM,4576,10500,- Stadionul Zimbru. First leg result: 0-4. Aggregate: 1-6. Game H2H Bracket Summary Stats Lineups Commentary 1st Half 1 - 0 7' Jardan V.,Holding,Petrocub (Mda),Ludogorets (Bul),1,2,A,3-5-2,4-3-3,7.7,5.7,10,23,3,10,6,10,,,,,,,,,3,7,,,,,20,10,1,1,6,2,1,0,8,2,39,61,,,,,,,,,,,,,,,,,,,,,,,,,,,,,,,,,,,,,,,,,,,1,3,,,,,,,,,,,,,,
hh0klz3k,Europa League - League phase,2,"October 03, 2024",10:00 PM,10317,11700,Doosan Arena,Plzen,Plzen,Ludogorets,0,0,D,3-4-2-1,4-3-3,7.4,6.9,13,8,4,2,6,2,,,,,,,,,2,1,17,10,,,12,15,0,1,2,4,0,0,2,4,45,55,,,82,79,369,377,450,476,,,,,,,,,,,,,,,,,,,,,,,,,,,,,,,,,,,3,4,,,,,1.04,0.87,,,,,,,,
zoDTskmn,Europa League - League phase,1,"September 25, 2024",10:00 PM,4761,10423,Huvepharma Arena,Razgrad,Ludogorets,Slavia Prague,0,2,A,4-3-3,3-4-3,5.9,7.1,10,11,1,4,6,4,,,,,,,,,3,7,29,13,,,11,26,2,3,2,3,0,0,2,1,43,57,,,86,89,314,418,366,470,,,,,,,,,,,,,,,,,,,,,,,,,,,,,,,,,,,3,3,,,,,0.42,1.92,,,,,,,,
0j1lUKuI,Europa League,Semi-finals,"August 08, 2024",09:00 PM,3163,29775,Stadion Partizana,Belgrade,Partizan (Srb),Lugano (Sui),0,1,A,4-2-3-1,4-2-3-1,6.9,5.9,8,9,3,5,3,3,,,,,,,,,4,4,,,,,12,7,0,2,1,1,0,0,4,3,36,64,,,,,,,,,,,,,,,,,,,,,,,,,,,,,,,,,,,,,,,,,,,2,1,,,,,,,,,,,,,,
M5kcSbAU,Europa League,Semi-finals,"August 15, 2024",09:30 PM,2268,10000,- Stockhorn Arena. First leg result: 1-0. Aggregate: 3-2. Game H2H Bracket Summary Stats Lineups Commentary 1st Half 0 - 1 17' Arriaga K.,Foul,Lugano (Sui),Partizan (Srb),2,2,D,4-2-3-1,4-3-3,7.2,6.0,13,14,4,7,8,4,,,,,,,,,6,10,,,,,14,13,2,0,7,3,1,0,5,2,55,45,,,,,,,,,,,,,,,,,,,,,,,,,,,,,,,,,,,,,,,,,,,1,3,,,,,,,,,,,,,,
MibgW2w3,Europa League,Quarter-finals,"April 17, 2025",09:00 PM,73228,75635,Old Trafford,Manchester,Manchester Utd,Lyon,5,4,H,3-4-3,4-3-3,6.5,7.2,21,21,8,9,10,5,15,15,6,6,1,1,1,0,7,3,14,17,11,25,17,14,2,2,3,5,0,1,5,3,41,59,39,38,84,87,408,601,484,690,47,40,22,17,47,43,78,79,129,172,165,217,25,19,4,4,16,21,6,5,61,61,1,2,0,0,1,0,65,70,15,16,23,23,3,7,39,25,14,7,3.25,2.58,4.68,3.50,1.53,1.33,3.50,4.68,-0.50,-0.32
fo678aod,Europa League,Quarter-finals,"April 10, 2025",09:00 PM,58018,59186,Parc Olympique Lyonnais,Lyon,Lyon,Manchester Utd,2,2,D,4-3-3,3-4-3,6.6,6.8,16,13,5,5,7,4,11,11,5,2,0,2,0,0,5,8,14,10,9,12,10,14,0,0,1,4,0,0,3,3,54,46,28,29,90,88,470,377,521,428,60,56,18,18,30,32,79,69,89,72,113,104,29,33,4,7,14,21,1,2,43,35,1,0,0,1,0,0,44,67,7,8,16,12,4,4,26,11,4,5,1.76,1.22,1.28,1.52,0.71,0.74,1.52,1.28,-0.48,-0.72
I1WfUKfJ,Europa League - League phase,1,"September 26, 2024",10:00 PM,24412,59186,Parc Olympique Lyonnais,Lyon,Lyon,Olympiacos Piraeus,2,0,H,4-3-3,3-5-2,6.7,7.7,17,6,7,1,3,4,,,,,,,,,8,2,23,9,,,7,14,3,6,1,4,0,0,1,5,56,44,,,87,78,516,264,590,337,,,,,,,,,,,,,,,,,,,,,,,,,,,,,,,,,,,7,1,,,,,1.25,0.77,,,,,,,,
IwQiqlLh,Europa League - League phase,5,"November 28, 2024",07:45 PM,22563,31200,- Tofiq Bahramov Stadium. Game Report H2H Standings Summary Stats Lineups Commentary Report Lyon bağ four as Horsemen veer off track 1st Half 0 - 1 15' 0 - 1 Mikautadze G.,Nuamah E.,Qarabag,Lyon,1,4,A,4-2-1-3,4-3-3,6.5,7.6,17,16,4,10,8,4,11,13,6,3,,,2,1,5,3,15,8,11,15,8,15,3,2,0,2,0,0,6,3,57,43,39,39,83,80,400,302,484,378,,,,,,,70,64,104,67,149,105,38,44,9,4,24,9,6,4,,,,,,,,,50,59,14,10,28,17,5,2,10,30,13,12,2.51,2.35,,,,,,,,
j3YDwbu1,Europa League - League phase,2,"October 03, 2024",10:00 PM,41981,51587,Ibrox Stadium,Glasgow,Rangers,Lyon,1,4,A,4-2-3-1,4-3-3,5.7,5.7,14,15,5,7,5,4,,,,,,,,,3,2,7,11,,,13,2,2,4,2,3,0,0,3,4,48,52,,,78,83,352,431,449,522,,,,,,,,,,,,,,,,,,,,,,,,,,,,,,,,,,,4,4,,,,,2.21,2.81,,,,,,,,
4KBg6vlf,Europa League - League phase,2,"October 03, 2024",07:45 PM,200,29775,Stadion Partizana,Belgrade,Maccabi Tel Aviv,Midtjylland,0,2,A,4-3-3,4-4-2,6.8,5.8,21,10,4,7,11,3,,,,,,,,,8,2,8,14,,,12,8,1,0,2,0,0,0,5,4,56,44,,,84,77,488,290,579,379,,,,,,,,,,,,,,,,,,,,,,,,,,,,,,,,,,,6,0,,,,,2.01,2.03,,,,,,,,
xAy3SO5k,Europa League - League phase,3,"October 24, 2024",07:45 PM,429,29775,- Stadion Partizana. Game Report H2H Standings Summary Stats Lineups Commentary Report Jon further Chec-s Maccabi’s progress in Europe 1st Half 0 - 1 13' Kubo T.,Foul,Maccabi Tel Aviv,Real Sociedad,1,2,A,4-3-3,4-4-2,6.2,6.8,12,12,4,5,6,5,,,,,,,,,2,6,14,8,11,23,8,14,2,2,5,2,1,0,3,3,37,63,,,83,90,285,548,345,607,,,,,,,,,,,,,,,,,,,,,,,,,,,,,,,,,,,2,2,,,6,10,0.51,1.26,,,,,,,,
WW2A2dmJ,Europa League - League phase,6,"December 12, 2024",10:00 PM,253,29775,Stadion Partizana,Belgrade,Maccabi Tel Aviv,RFS,2,1,H,4-3-3,3-5-2,6.9,7.9,10,14,5,4,3,6,3,12,7,2,2,0,0,0,1,4,14,11,21,26,11,14,2,2,2,2,0,0,3,3,53,47,15,32,83,76,374,297,453,390,,,,,,,71,63,69,72,97,115,56,38,5,9,9,24,0,3,,,,,,,,,36,57,5,12,14,21,2,4,26,13,10,7,0.47,1.87,,,,,,,,
Oj77u9Vg,Europa League,Final,"August 29, 2024",10:00 PM,2016,4500,TSC Arena,Bačka Topola,TSC (Srb),Maccabi Tel Aviv (Isr),1,5,A,4-1-4-1,4-3-3,5.7,5.3,6,13,3,8,3,3,,,,,,,,,6,3,,,,,9,14,1,1,4,1,0,0,3,2,64,36,,,,,,,,,,,,,,,,,,,,,,,,,,,,,,,,,,,,,,,,,,,0,2,,,,,,,,,,,,,,
SODbsV0s,Europa League,Final,"August 22, 2024",09:00 PM,270,8903,- Haladás Sportkomplexum. Game H2H Bracket Summary Stats Lineups Commentary 1st Half 1 - 0 27' 1 - 0 Turgeman D.,Peretz D.,Maccabi Tel Aviv (Isr),TSC (Srb),3,0,H,4-3-3,4-3-3,6.9,6.7,18,2,10,1,4,0,,,,,,,,,9,2,,,,,14,9,1,2,1,4,0,2,1,7,61,39,,,,,,,,,,,,,,,,,,,,,,,,,,,,,,,,,,,,,,,,,,,4,1,,,,,,,,,,,,,,
SlgzeW1E,Europa League - League phase,3,"October 24, 2024",10:00 PM,19478,22500,Eleda Stadion,Malmö,Malmo FF,Olympiacos Piraeus,0,1,A,4-2-3-1,4-2-3-1,6.7,6.6,16,15,2,5,8,6,,,,,,,,,4,3,15,9,28,26,9,15,1,2,2,3,0,0,4,2,60,40,,,78,70,454,264,581,378,,,,,,,,,,,,,,,,,,,,,,,,,,,,,,,,,,,6,4,,,9,20,1.42,1.74,,,,,,,,
ERCuaiH7,Europa League - League phase,2,"October 03, 2024",07:45 PM,28234,31200,- Tofiq Bahramov Stadium. Game Report H2H Standings Summary Stats Lineups Commentary Report Botheim brace sees the Blue Ones not singing the blues 1st Half 1 - 1 15' 1 - 0 Juninho,Zoubir A.,Qarabag,Malmo FF,1,2,A,4-2-3-1,4-4-2,6.2,6.8,12,9,1,5,6,2,,,,,,,,,7,1,12,14,,,11,10,2,1,0,2,0,0,3,0,56,44,,,87,85,417,330,481,388,,,,,,,,,,,,,,,,,,,,,,,,,,,,,,,,,,,5,2,,,,,0.85,1.22,,,,,,,,
riAvfJPs,Europa League - League phase,1,"September 26, 2024",07:45 PM,20021,22500,Eleda Stadion,Malmö,Malmo FF,Rangers,0,2,A,4-2-3-1,4-3-3,6.3,5.9,8,17,0,5,4,9,,,,,,,,,5,3,15,17,,,13,13,2,1,2,2,0,0,3,0,52,48,,,89,83,455,301,513,364,,,,,,,,,,,,,,,,,,,,,,,,,,,,,,,,,,,4,3,,,,,0.36,2.37,,,,,,,,
p4nJzYuJ,Europa League - League phase,8,"January 30, 2025",10:00 PM,17026,19370,Fortuna Arena,Prague,Slavia Prague,Malmo FF,2,2,D,3-5-2,4-2-3-1,7.1,7.4,17,14,6,7,9,3,11,8,6,6,,,0,1,8,4,11,8,20,19,8,11,4,3,4,3,0,0,5,4,60,40,42,22,78,67,300,180,384,270,,,,,,,75,65,114,48,153,74,30,25,13,3,43,12,3,4,,,,,,,,,63,69,10,11,16,16,2,4,16,35,13,4,1.59,2.29,,,,,,,,
2LUPRtiB,Europa League - League phase,7,"January 23, 2025",07:45 PM,16432,22500,Eleda Stadion,Malmö,Malmo FF,Twente,2,3,A,4-2-3-1,4-2-3-1,5.4,5.6,11,7,4,4,3,2,9,5,2,2,0,1,0,0,9,7,17,18,25,16,18,17,1,0,7,5,1,0,1,2,56,44,29,20,83,79,379,283,459,357,,,,,,,67,73,94,72,141,98,23,23,5,5,22,22,1,2,,,,,,,,,70,79,7,15,10,19,4,1,18,39,4,12,0.76,2.10,,,,,,,,
n9MzkO0T,Europa League - League phase,4,"November 07, 2024",10:00 PM,73174,75635,Old Trafford,Manchester,Manchester Utd,PAOK,2,0,H,4-2-3-1,4-2-3-1,7.6,7.4,16,8,4,4,5,2,,,,,,,,,9,2,15,10,15,22,10,15,1,0,2,1,0,0,4,2,52,48,,,84,82,434,395,519,479,,,,,,,,,,,,,,,,,,,,,,,,,,,,,,,,,,,7,2,,,9,17,1.16,1.33,,,,,,,,
Ik6f5qoA,Europa League - League phase,6,"December 12, 2024",07:45 PM,11320,11700,Doosan Arena,Plzen,Plzen,Manchester Utd,1,2,A,3-4-2-1,3-4-3,6.8,6.6,15,17,2,8,7,6,7,12,8,5,,,0,0,1,5,11,11,15,19,11,11,4,1,0,3,0,0,6,1,32,68,26,39,65,83,199,561,308,676,,,,,,,50,74,60,111,119,149,22,31,2,4,9,13,1,6,,,,,,,,,56,71,10,15,18,21,6,3,26,21,15,8,0.77,2.73,,,,,,,,
bm03lFgJ,Europa League - League phase,7,"January 23, 2025",10:00 PM,73288,75635,Old Trafford,Manchester,Manchester Utd,Rangers,2,1,H,3-4-3,4-2-3-1,7.7,7.2,16,11,6,7,6,3,13,6,3,5,,,1,1,7,5,14,10,16,19,10,14,1,1,0,1,0,0,6,4,67,33,29,12,87,72,527,217,603,300,,,,,,,77,54,134,41,174,76,29,33,6,3,21,9,4,3,,,,,,,,,50,67,4,10,8,15,4,1,10,25,11,9,2.79,1.42,,,,,,,,
21UiWzPh,Europa League,1/8-finals,"March 06, 2025",07:45 PM,34391,40000,Reale Arena,San Sebastian,Real Sociedad,Manchester Utd,1,1,D,4-3-3,3-4-3,7.0,7.8,13,13,3,5,5,6,8,10,5,3,,,0,0,6,2,13,11,29,15,11,13,2,2,1,1,0,0,4,2,55,45,17,30,83,78,369,291,446,373,,,,,,,63,68,71,68,113,100,29,13,6,1,21,8,2,0,,,,,,,,,40,76,4,13,10,17,5,2,21,20,13,5,1.46,1.16,,,,,,,,
ARXaUEg5,Europa League,1/8-finals,"March 13, 2025",10:00 PM,73189,75635,Old Trafford,Manchester,Manchester Utd,Real Sociedad,4,1,H,3-4-3,4-3-3,6.6,7.5,25,8,10,3,10,0,16,4,9,4,,,1,0,6,4,13,6,11,17,6,13,1,2,2,7,0,1,2,6,60,40,46,17,84,75,397,245,475,325,,,,,,,70,63,93,59,133,94,19,17,4,1,21,6,6,1,,,,,,,,,56,50,10,6,18,12,5,5,21,30,9,10,4.25,1.05,,,,,,,,
CQQaJNbm,Europa League,Final,"May 21, 2025",10:00 PM,49924,53331,Estadio San Mamés,Bilbao,Tottenham,Manchester Utd,1,0,H,4-3-3,3-4-3,7.9,6.9,3,16,1,6,0,6,3,14,0,2,,,0,0,4,5,10,22,22,27,22,10,1,2,3,4,0,0,6,0,27,73,10,39,61,84,112,433,183,514,40,47,16,23,40,49,40,76,23,126,57,165,23,20,3,6,13,30,1,4,48,63,1,1,0,0,0,0,56,58,9,11,16,19,2,4,48,27,9,9,1.03,0.97,0.99,0.55,0.58,1.11,0.55,0.99,0.55,-0.01
QF923NFM,Europa League - League phase,1,"September 25, 2024",10:00 PM,73069,75635,Old Trafford,Manchester,Manchester Utd,Twente,1,1,D,4-2-3-1,4-2-1-3,6.7,7.4,18,7,4,3,6,2,,,,,,,,,10,5,8,7,,,5,8,2,0,1,3,0,0,2,3,55,45,,,86,82,469,327,544,399,,,,,,,,,,,,,,,,,,,,,,,,,,,,,,,,,,,8,2,,,,,1.49,0.72,,,,,,,,
GK07asyA,Europa League,1/16-finals,"February 13, 2025",07:45 PM,9401,12148,MCH Arena,Herning,Midtjylland,Real Sociedad,1,2,A,4-3-3,4-3-3,5.9,6.6,13,9,3,3,6,5,10,5,3,4,,,1,0,8,3,22,16,27,24,16,22,1,3,3,4,0,0,1,2,60,40,29,13,72,67,325,196,453,292,,,,,,,63,60,81,83,128,138,25,15,5,2,20,13,2,1,,,,,,,,,70,59,14,13,20,22,4,1,24,54,12,9,1.06,1.27,,,,,,,,
xzkGcL5M,Europa League,1/16-finals,"February 20, 2025",10:00 PM,27728,40000,Reale Arena,San Sebastian,Real Sociedad,Midtjylland,5,2,H,4-3-3,4-3-3,6.2,6.8,22,8,10,3,8,3,16,6,6,2,,,0,1,7,6,11,18,13,19,18,11,1,0,1,2,0,1,1,5,53,47,28,26,81,71,264,204,325,288,,,,,,,70,60,42,68,60,113,36,31,4,5,11,16,6,1,,,,,,,,,44,71,11,10,25,14,4,2,36,9,6,12,4.60,1.17,,,,,,,,
zwJqsJeM,Europa League - League phase,3,"October 24, 2024",07:45 PM,8491,12148,MCH Arena,Herning,Midtjylland,Royale Union SG,1,0,H,4-4-2,4-3-3,8.2,7.6,15,13,5,7,3,4,,,,,,,,,6,6,15,11,20,15,11,15,0,3,1,5,0,0,7,4,44,56,,,79,81,299,394,378,488,,,,,,,,,,,,,,,,,,,,,,,,,,,,,,,,,,,7,2,,,10,4,1.78,0.73,,,,,,,,
42ErHpMP,Europa League,Quarter-finals,"July 25, 2024",08:00 PM,3900,11249,Aker Stadion,Molde,Molde (Nor),Silkeborg (Den),3,1,H,3-5-2,4-3-2-1,7.2,6.4,8,8,4,4,4,4,,,,,,,,,6,5,,,,,8,6,3,0,1,3,0,0,3,1,50,50,,,,,,,,,,,,,,,,,,,,,,,,,,,,,,,,,,,,,,,,,,,0,0,,,,,,,,,,,,,,
lzjFBOqm,Europa League,Quarter-finals,"August 01, 2024",08:15 PM,4731,10000,Jysk Park,Silkeborg,Silkeborg (Den),Molde (Nor),3,2,H,4-3-2-1,3-5-2,7.1,6.3,8,11,6,6,2,2,,,,,,,,,5,8,,,,,8,11,1,0,0,1,1,0,4,3,58,42,,,,,,,,,,,,,,,,,,,,,,,,,,,,,,,,,,,,,,,,,,,0,3,,,,,,,,,,,,,,
CW1ejyP6,Europa League - League phase,5,"November 28, 2024",10:00 PM,18008,36178,Allianz Riviera,Nice,Nice,Rangers,1,4,A,4-3-1-2,4-2-3-1,6.2,6.3,19,14,7,8,5,5,9,11,10,3,,,0,0,8,1,15,5,11,18,5,15,2,2,2,2,0,0,4,6,54,46,23,28,85,80,396,329,468,411,,,,,,,70,75,86,89,122,119,20,40,4,4,20,10,1,4,,,,,,,,,50,21,8,3,16,14,7,1,16,27,18,7,1.38,2.30,,,,,,,,
GvBEKkQ1,Europa League - League phase,1,"September 25, 2024",10:00 PM,20545,36178,Allianz Riviera,Nice,Nice,Real Sociedad,1,1,D,3-4-3,5-3-2,6.3,7.2,10,8,5,2,4,4,,,,,,,,,5,4,13,10,,,7,14,3,0,2,3,0,0,1,4,53,47,,,84,81,383,301,455,372,,,,,,,,,,,,,,,,,,,,,,,,,,,,,,,,,,,1,2,,,,,1.40,0.54,,,,,,,,
lI4jDsxI,Europa League - League phase,6,"December 12, 2024",07:45 PM,7501,50093,- King Baudouin Stadium. Game Report H2H Standings Summary Stats Lineups Commentary Report Union snatch vital victory in stoppage time 1st Half 1 - 1 33' 1 - 0 Ivanovic F.,Fuseini M.,Royale Union SG,Nice,2,1,H,4-3-3,4-3-1-2,6.4,7.7,24,13,12,2,5,5,21,4,3,9,,,0,1,8,3,6,15,27,22,15,6,3,3,5,1,0,0,1,10,49,51,38,11,69,70,276,293,402,419,,,,,,,60,58,88,69,146,119,30,18,7,3,23,17,8,2,,,,,,,,,59,72,20,18,34,25,7,6,22,25,12,21,3.78,0.87,,,,,,,,
S6vpthTI,Europa League - League phase,4,"November 07, 2024",07:45 PM,11144,36178,Allianz Riviera,Nice,Nice,Twente,2,2,D,3-4-3,4-2-1-3,6.9,6.5,13,14,3,6,8,4,,,,,,,,,6,5,14,10,29,11,10,14,1,1,3,2,1,1,4,1,50,50,,,81,82,370,381,455,466,,,,,,,,,,,,,,,,,,,,,,,,,,,,,,,,,,,2,4,,,6,10,1.34,1.06,,,,,,,,
E9BmXS97,Europa League - League phase,8,"January 30, 2025",10:00 PM,31500,33296,Georgios Karaiskakis Stadium,Piraeus,Olympiacos Piraeus,Qarabag,3,0,H,4-2-3-1,4-2-3-1,6.6,7.6,23,3,9,1,9,2,18,2,5,1,,,0,0,7,3,13,15,23,21,15,13,1,1,0,6,0,0,1,6,44,56,42,16,70,73,207,298,294,407,,,,,,,67,62,96,73,144,117,34,33,11,3,32,9,9,1,,,,,,,,,54,55,13,11,24,20,5,0,20,33,10,10,3.67,0.17,,,,,,,,
WCtMyxAD,Europa League - League phase,4,"November 07, 2024",07:45 PM,31795,33296,Georgios Karaiskakis Stadium,Piraeus,Olympiacos Piraeus,Rangers,1,1,D,4-2-3-1,4-2-3-1,7.3,7.1,14,11,2,6,4,5,,,,,,,,,4,4,15,11,22,25,11,15,5,1,2,3,0,0,5,1,60,40,,,79,69,405,238,514,346,,,,,,,,,,,,,,,,,,,,,,,,,,,,,,,,,,,8,0,,,10,17,0.71,1.16,,,,,,,,
byG7xOom,Europa League - League phase,6,"December 12, 2024",07:45 PM,31600,33296,Georgios Karaiskakis Stadium,Piraeus,Olympiacos Piraeus,Twente,0,0,D,4-2-3-1,4-3-3,6.7,7.8,12,7,4,2,4,2,9,4,3,3,,,1,0,7,2,13,11,24,18,11,13,5,4,2,3,0,0,2,4,46,54,26,15,74,79,294,380,398,484,,,,,,,54,63,65,64,121,102,29,33,6,3,21,9,1,1,,,,,,,,,58,72,14,13,24,18,4,3,14,29,13,9,1.48,1.10,,,,,,,,
AwjxHe2C,Europa League - League phase,3,"October 24, 2024",07:45 PM,16144,28701,Toumba Stadium,Thessaloniki,PAOK,Plzen,2,2,D,4-2-3-1,3-4-2-1,6.9,6.7,19,11,8,6,7,5,,,,,,,,,8,0,10,4,26,17,4,10,4,3,1,7,0,2,4,6,75,25,,,86,60,547,127,634,210,,,,,,,,,,,,,,,,,,,,,,,,,,,,,,,,,,,4,0,,,13,7,1.53,2.72,,,,,,,,
WS6QPPpp,Europa League - League phase,8,"January 30, 2025",10:00 PM,23872,40000,Reale Arena,San Sebastian,Real Sociedad,PAOK,2,0,H,4-4-2,4-2-3-1,7.5,6.7,16,12,7,4,5,3,12,8,4,4,2,0,1,0,4,4,8,12,12,21,12,8,0,2,2,2,0,0,4,5,54,46,35,17,89,87,519,430,586,494,,,,,,,85,71,120,85,141,120,39,11,7,1,18,9,7,2,,,,,,,,,62,33,8,3,13,9,4,5,20,29,11,7,1.70,1.17,,,,,,,,
4bb4KU84,Europa League - League phase,5,"November 28, 2024",07:45 PM,5346,10461,- Daugavas stadions. Game Report H2H Standings Summary Stats Lineups Commentary Report Desp-erate PAOK ignite campaign with vital win 1st Half 0 - 1 2' 0 - 1 Despodov K.,Zivkovic A.,RFS,PAOK,0,2,A,3-5-2,4-2-3-1,6.5,5.6,8,15,3,6,4,6,6,9,2,6,,,0,0,6,5,9,11,17,14,11,9,3,2,1,1,0,0,4,3,46,54,11,27,83,87,373,471,451,544,,,,,,,62,74,65,98,105,133,27,33,6,4,22,12,0,4,,,,,,,,,67,50,10,9,15,18,1,3,11,24,13,7,0.52,1.61,,,,,,,,
42b2wJHb,Europa League,Final,"August 29, 2024",10:00 PM,5079,10500,Tallaght Stadium,Dublin,Shamrock Rovers (Irl),PAOK (Gre),0,2,A,3-4-1-2,4-2-3-1,7.4,5.9,3,13,1,9,1,4,,,,,,,,,2,5,,,,,5,5,1,1,1,1,0,0,7,1,32,68,,,,,,,,,,,,,,,,,,,,,,,,,,,,,,,,,,,,,,,,,,,1,0,,,,,,,,,,,,,,
rmAguumn,Europa League,Final,"August 22, 2024",08:30 PM,13871,28701,Toumba Stadium,Thessaloniki,PAOK (Gre),Shamrock Rovers (Irl),4,0,H,4-2-3-1,3-5-2,6.9,6.5,19,4,6,1,8,2,,,,,,,,,6,2,,,,,6,8,1,0,1,4,0,1,1,2,70,30,,,,,,,,,,,,,,,,,,,,,,,,,,,,,,,,,,,,,,,,,,,5,1,,,,,,,,,,,,,,
OlbAxfB6,Europa League - League phase,7,"January 23, 2025",10:00 PM,17507,28701,Toumba Stadium,Thessaloniki,PAOK,Slavia Prague,2,0,H,4-2-3-1,3-4-3,7.3,7.6,14,15,7,4,4,6,11,11,3,4,,,1,1,6,4,16,11,10,22,11,16,1,1,2,3,0,0,4,5,46,54,32,31,79,80,277,308,352,383,,,,,,,63,66,73,63,116,95,25,34,3,11,12,32,6,2,,,,,,,,,57,61,12,11,21,18,3,5,50,21,5,10,2.17,0.78,,,,,,,,
A7oqmqkR,Europa League,Semi-finals,"August 06, 2024",08:00 PM,6272,10500,- Stadionul Zimbru. Game H2H Bracket Summary Stats Lineups Commentary 1st Half 1 - 0 20' Own goal 1 - 0 Davies D.,Douanla D. M.,Petrocub (Mda),TNS (Wal),1,0,H,3-4-3,4-3-3,6.9,6.6,8,6,1,1,4,4,,,,,,,,,3,3,,,,,14,8,4,0,3,1,0,0,1,0,51,49,,,,,,,,,,,,,,,,,,,,,,,,,,,,,,,,,,,,,,,,,,,3,1,,,,,,,,,,,,,,
KtXEsNCl,Europa League,Semi-finals,"August 13, 2024",08:30 PM,851,2000,Park Hall,Oswestry,TNS (Wal),Petrocub (Mda),0,0,D,4-3-3,3-4-3,6.8,7.0,8,4,1,1,6,3,,,,,,,,,3,1,,,,,9,13,1,4,0,6,1,1,1,1,66,34,,,,,,,,,,,,,,,,,,,,,,,,,,,,,,,,,,,,,,,,,,,1,0,,,,,,,,,,,,,,
lUQZRXXR,Europa League - League phase,4,"November 07, 2024",10:00 PM,11130,11700,Doosan Arena,Plzen,Plzen,Real Sociedad,2,1,H,3-5-2,4-3-3,7.4,6.1,11,16,4,6,2,3,,,,,,,,,5,4,9,9,14,26,9,9,6,2,3,5,0,0,5,2,30,70,,,66,83,161,500,245,605,,,,,,,,,,,,,,,,,,,,,,,,,,,,,,,,,,,5,7,,,12,4,0.52,2.02,,,,,,,,
hpIO8Ii2,Europa League - League phase,1,"September 26, 2024",10:35 PM,51757,62850,Tottenham Hotspur Stadium,London,Tottenham,Qarabag,3,0,H,4-3-3,4-2-3-1,7.9,7.3,9,14,5,5,1,8,,,,,,,,,3,9,14,14,,,10,9,2,6,1,1,1,0,5,2,53,47,,,88,85,411,414,469,489,,,,,,,,,,,,,,,,,,,,,,,,,,,,,,,,,,,3,1,,,,,1.20,2.01,,,,,,,,
O6T7au2K,Europa League - League phase,8,"January 30, 2025",10:00 PM,46993,51587,Ibrox Stadium,Glasgow,Rangers,Royale Union SG,2,1,H,4-2-3-1,3-5-2,6.7,7.9,12,14,4,3,5,8,8,12,4,2,1,1,1,0,4,3,9,16,18,17,16,9,3,2,5,3,0,0,2,2,46,54,24,33,75,79,278,338,369,428,,,,,,,61,63,59,72,97,114,44,62,4,8,9,13,3,5,,,,,,,,,62,62,8,16,13,26,3,3,18,17,14,10,1.57,2.29,,,,,,,,
rwV5uKAl,Europa League - League phase,6,"December 12, 2024",10:00 PM,48064,51587,Ibrox Stadium,Glasgow,Rangers,Tottenham,1,1,D,4-2-3-1,4-3-3,6.4,7.6,15,12,6,3,4,6,10,9,5,3,,,0,0,7,7,9,9,15,8,9,9,5,2,1,2,0,0,2,5,41,59,23,24,80,86,304,486,379,563,,,,,,,69,74,91,88,131,119,13,15,3,2,24,13,2,0,,,,,,,,,62,64,16,9,26,14,5,3,16,23,9,6,1.49,0.87,,,,,,,,
hK6N5e3M,Europa League,Semi-finals,"August 15, 2024",07:00 PM,22500,28600,Allianz Stadion,Vienna,SK Rapid (Aut),Trabzonspor (Tur),2,0,H,4-2-3-1,4-2-3-1,7.4,6.7,20,7,10,3,6,4,,,,,,,,,8,3,,,,,12,8,2,0,2,5,0,1,3,8,48,52,,,,,,,,,,,,,,,,,,,,,,,,,,,,,,,,,,,,,,,,,,,4,0,,,,,,,,,,,,,,
pf3F7HY9,Europa League,Semi-finals,"August 08, 2024",08:00 PM,33476,41000,Papara Park,Trabzon,Trabzonspor (Tur),SK Rapid (Aut),0,1,A,4-2-3-1,4-2-3-1,6.8,6.1,8,14,4,4,3,7,,,,,,,,,3,5,,,,,2,7,1,1,1,0,0,0,3,4,58,42,,,,,,,,,,,,,,,,,,,,,,,,,,,,,,,,,,,,,,,,,,,1,3,,,,,,,,,,,,,,
EgTRrUxo,Europa League,Quarter-finals,"July 25, 2024",07:00 PM,30542,33326,Synerise Arena - Stadion Miejski im. Henryka Reymana,Kraków,Wisla (Pol),SK Rapid (Aut),1,2,A,4-2-3-1,4-3-1-2,6.2,5.7,19,11,7,4,7,5,,,,,,,,,7,4,,,,,11,13,3,1,0,1,0,1,2,6,48,52,,,,,,,,,,,,,,,,,,,,,,,,,,,,,,,,,,,,,,,,,,,5,2,,,,,,,,,,,,,,
t0LD6XUi,Europa League,Quarter-finals,"August 01, 2024",09:30 PM,19600,28600,Allianz Stadion,Vienna,SK Rapid (Aut),Wisla (Pol),6,1,H,4-2-3-1,4-2-3-1,7.1,6.8,24,9,13,4,7,3,,,,,,,,,6,2,,,,,10,5,1,1,1,0,0,0,3,7,56,44,,,,,,,,,,,,,,,,,,,,,,,,,,,,,,,,,,,,,,,,,,,4,2,,,,,,,,,,,,,,
db4XX2tg,Europa League,Semi-finals,"August 08, 2024",09:00 PM,369,3306,- Estadi Nacional. Game H2H Bracket Summary Stats Lineups Commentary 1st Half 0 - 2 13' 0 - 1 Ikaunieks J.,Diomande I.,UE Santa Coloma (And),RFS (Lat),0,2,A,4-3-3,4-3-3,6.2,5.8,11,10,4,4,3,6,,,,,,,,,1,2,,,,,8,9,0,4,3,3,0,0,2,4,51,49,,,,,,,,,,,,,,,,,,,,,,,,,,,,,,,,,,,,,,,,,,,4,0,,,,,,,,,,,,,,
hQctWtB5,Europa League,Semi-finals,"August 14, 2024",07:00 PM,1614,2300,LNK Sporta Parks,Riga,RFS (Lat),UE Santa Coloma (And),7,0,H,4-3-3,4-3-3,6.9,7.3,21,3,13,1,4,2,,,,,,,,,6,4,,,,,5,18,1,1,1,1,0,0,1,6,73,27,,,,,,,,,,,,,,,,,,,,,,,,,,,,,,,,,,,,,,,,,,,4,0,,,,,,,,,,,,,,
dr8bBL6U,Europa League - League phase,5,"November 28, 2024",10:00 PM,26500,30000,De Grolsch Veste,Enschede,Twente,Royale Union SG,0,1,A,4-2-3-1,5-4-1,8.1,7.2,13,18,3,9,6,7,10,12,3,6,,,0,0,4,4,12,9,23,21,9,12,0,2,2,5,0,0,8,3,56,44,25,36,80,79,413,327,519,415,,,,,,,70,72,71,130,101,181,20,20,5,3,25,15,1,3,,,,,,,,,50,56,16,14,32,25,4,2,30,35,9,10,0.80,2.07,,,,,,,,
Gtd5OsKE,Europa League,1/8-finals,"July 18, 2024",06:00 PM,6830,10500,Centralnyj Stadion,Kostanay,Tobol (Kaz),Ruzomberok (Svk),1,0,H,3-4-1-2,3-4-3,6.9,6.7,19,7,7,1,8,5,,,,,,,,,5,4,,,,,8,13,9,2,1,2,0,0,1,6,44,56,,,,,,,,,,,,,,,,,,,,,,,,,,,,,,,,,,,,,,,,,,,4,1,,,,,,,,,,,,,,
lz4J0vS7,Europa League,1/8-finals,"July 11, 2024",08:00 PM,3025,4876,Štadión pod Čebraťom,Ružomberok,Ruzomberok (Svk),Tobol (Kaz),5,2,H,4-2-3-1,3-5-2,6.8,6.3,10,11,8,5,2,2,,,,,,,,,5,10,,,,,6,11,0,2,3,5,0,0,3,3,58,42,,,,,,,,,,,,,,,,,,,,,,,,,,,,,,,,,,,,,,,,,,,0,4,,,,,,,,,,,,,,
bcmftfTa,Europa League,Quarter-finals,"August 01, 2024",08:30 PM,26220,41000,Papara Park,Trabzon,Trabzonspor (Tur),Ruzomberok (Svk),1,0,H,4-2-3-1,3-4-3,7.9,6.8,17,11,7,5,6,4,,,,,,,,,5,6,,,,,4,9,3,0,1,0,0,0,5,6,55,45,,,,,,,,,,,,,,,,,,,,,,,,,,,,,,,,,,,,,,,,,,,4,2,,,,,,,,,,,,,,
jXqnrGbm,Europa League,Quarter-finals,"July 25, 2024",07:30 PM,4544,4876,Štadión pod Čebraťom,Ružomberok,Ruzomberok (Svk),Trabzonspor (Tur),0,2,A,3-4-3,4-2-3-1,5.9,5.7,16,11,8,3,8,7,,,,,,,,,14,7,,,,,6,6,1,3,1,1,0,0,1,8,46,54,,,,,,,,,,,,,,,,,,,,,,,,,,,,,,,,,,,,,,,,,,,0,1,,,,,,,,,,,,,,
2wUhFws1,Europa League,1/8-finals,"July 11, 2024",08:00 PM,3594,14000,Sheriff Arena,Tiraspol,Sheriff Tiraspol (Mda),Zira (Aze),0,1,A,,,,,,,,,,,,,,,,,,,,,,,,,,,,,0,0,0,0,,,,,,,,,,,,,,,,,,,,,,,,,,,,,,,,,,,,,,,,,,,,,,,,,,,,,,,,,,,,,,
ziS0DHBD,Europa League,1/8-finals,"July 18, 2024",07:00 PM,4700,6500,- Dalga Arena. First leg result: 1-0. Aggregate: 2-3. Game H2H Bracket Summary Stats Lineups Commentary 1st Half 1 - 0 2' Pata I.,Roughing,Zira (Aze),Sheriff Tiraspol (Mda),1,3,A,4-3-3,4-2-3-1,6.2,5.9,6,7,3,4,2,2,,,,,,,,,4,5,,,,,7,10,0,1,1,3,1,0,2,2,37,63,,,,,,,,,,,,,,,,,,,,,,,,,,,,,,,,,,,,,,,,,,,1,1,,,,,,,,,,,,,,
